timestamp,type,input,result
2026-06-21T05:47:48.818160,profile_picture,instagram,"{""success"": true, ""profile_image"": ""https://instagram.fraj8-1.fna.fbcdn.net/v/t51.82787-19/550891366_18667771684001321_1383210656577177067_n.jpg?stp=dst-jpg_s320x320_tt6&efg=eyJ2ZW5jb2RlX3RhZyI6InByb2ZpbGVfcGljLmRqYW5nby4xMDgwLmMyIn0&_nc_ht=instagram.fraj8-1.fna.fbcdn.net&_nc_cat=1&_nc_oc=Q6cZ2gEdcDK1nVMJiOkmkXQdFjpECG5aRYUuh_BhJ6b3SlcW1ncAM6WaZQruwqOv7NuEJizEmpN4i59weQhJYoKwDFW7&_nc_ohc=jqpb_lTM_YMQ7kNvwFJ60PO&_nc_gid=elzKbK6le90TvdKkvTa8FA&edm=AOQ1c0wBAAAA&ccb=7-5&oh=00_Af-Nmvdpvlhs3WsutaWfYeR94kiQ1DAiOhO_3tGgolngww&oe=6A3D5B27&_nc_sid=8b3546""}"
2026-06-21T06:21:43.813157,reel,https://www.instagram.com/reel/DZuQ6sFOq5P/?utm_source=ig_web_copy_link&igsh=NTc4MTIwNjQ2YQ==,"{""success"": true, ""thumbnail"": ""https://instagram.fraj8-1.fna.fbcdn.net/v/t51.71878-15/726987913_1447350017081368_2118970942142581450_n.jpg?se=-1&stp=dst-jpegr_e15_tt6&efg=eyJ2ZW5jb2RlX3RhZyI6ImltYWdlX3VybGdlbi42NDAuaGRyLnZpZGVvX2RlZmF1bHRfY292ZXJfZnJhbWUuYzIifQ&_nc_ht=instagram.fraj8-1.fna.fbcdn.net&_nc_cat=1&_nc_oc=Q6cZ2gF5lx1mPG7llmMXIJDWI1zuAkqfE8ewcWc6k_a4XODYy--aXpX9yjgkSC6WWyvg0DqFP04ge4fVYwdXzh-zB6Qv&_nc_ohc=rYTzA2XtTlgQ7kNvwHWZdEp&_nc_gid=HN1pYetcKPDA-aJCVw8rxA&edm=ANTKIIoBAAAA&ccb=7-5&oh=00_Af9IH5XxHhd40-VRu0MLJpaT_wPO0mdBPADGPniySBXUog&oe=6A3D452F&_nc_sid=d885a2"", ""video_url"": ""https://instagram.fraj8-1.fna.fbcdn.net/o1/v/t2/f2/m86/AQOKCJ5BtxEIejhkijWJjeu0sZ8wKrQXfGSo__WlEHfO6PF6aDTGakyv6OMnM30UpfA9ZmY3IYDaUrhT2dirzZ_8eeCw_3nvuY8xLjg.mp4?_nc_cat=109&_nc_oc=Adrc9BHUK-asib_p9gLNUxGUEpyjfIim46WfJVsM6Da9IaWSNkATBVjBCJFe8nVY010nwK8cBZdO_zNEyDjLE55I&_nc_sid=5e9851&_nc_ht=instagram.fraj8-1.fna.fbcdn.net&_nc_ohc=Upw62_DTP5QQ7kNvwGYc0nA&efg=eyJ2ZW5jb2RlX3RhZyI6Inhwdl9wcm9ncmVzc2l2ZS5JTlNUQUdSQU0uQ0xJUFMuQzMuNzIwLmRhc2hfYmFzZWxpbmVfMV92MSIsInhwdl9hc3NldF9pZCI6MjQ1NDEzODI3NTA1MDA1MiwiYXNzZXRfYWdlX2RheXMiOjIsInZpX3VzZWNhc2VfaWQiOjEwMDk5LCJkdXJhdGlvbl9zIjoxMSwidXJsZ2VuX3NvdXJjZSI6Ind3dyJ9&ccb=17-1&vs=ed42dad3f14b4081&_nc_vs=HBksFQIYUmlnX3hwdl9yZWVsc19wZXJtYW5lbnRfc3JfcHJvZC9CNTQyMERBMEU2MzIwOTk1MzMzMzgxODgwNTJCMDlBNV92aWRlb19kYXNoaW5pdC5tcDQVAALIARIAFQIYUWlnX3hwdl9wbGFjZW1lbnRfcGVybWFuZW50X3YyLzBGNERDQTdGMDMzODgxNDM0RjgzOEVFQzQ1MDcwOUFCX2F1ZGlvX2Rhc2hpbml0Lm1wNBUCAsgBEgAoABgAGwKIB3VzZV9vaWwBMRJwcm9ncmVzc2l2ZV9yZWNpcGUBMRUAACaIyemB04HcCBUCKAJDMywXQCYzMzMzMzMYEmRhc2hfYmFzZWxpbmVfMV92MREAdf4HZeadAQA&_nc_gid=HN1pYetcKPDA-aJCVw8rxA&_nc_zt=28&_nc_ss=7a22e&oh=00_Af-qzrWqUR4u-Crt8edMblpVSQ3EUuD-q-8aJt1EYnk8fg&oe=6A394C22""}"
2026-06-21T06:52:20.570147,reel,https://www.instagram.com/reel/DZzqOgJAZog/?utm_source=ig_web_copy_link&igsh=NTc4MTIwNjQ2YQ==,"{""success"": true, ""thumbnail"": ""https://instagram.fraj8-1.fna.fbcdn.net/v/t51.71878-15/724097712_2177393136377205_6423074944206504142_n.jpg?stp=dst-jpg_e15_tt6&efg=eyJ2ZW5jb2RlX3RhZyI6ImltYWdlX3VybGdlbi42NDAuc2RyLnZpZGVvX25mcmFtZV9jb3Zlcl9mcmFtZS5leHBlcmltZW50YWwifQ&_nc_ht=instagram.fraj8-1.fna.fbcdn.net&_nc_cat=1&_nc_oc=Q6cZ2gGAHPckumTiEbSITklEM20JwVaQO_Y2jvDD9MB8W71U89qaO3edjNZOlUwzSsz-KsUWg-__HcGnrJfjvaY5f8dp&_nc_ohc=M2EGMpVAiW4Q7kNvwHfjudS&_nc_gid=VS4Npv46Xo3ULyqIkTIJGg&edm=ANTKIIoBAAAA&ccb=7-5&oh=00_Af_KjWrRBALJRpkiVb2FZWSa60iHe_G34bmHjeQ8QYY-3g&oe=6A3D6CB3&_nc_sid=d885a2"", ""video_url"": ""https://instagram.fraj8-1.fna.fbcdn.net/o1/v/t2/f2/m86/AQP65BlRCxZHrNDeFoYRlSPaG1P4-gB9yLUmwgHI578QyRa6VkVRVVfnu7MYqsYVy2EItDDODcsoAcb1hcVywTg7GDqi6vMwJloZbyA.mp4?_nc_cat=101&_nc_oc=Adq0JI6tofGTp7HDczjeINVJvbj5JquG8lMm5cUOYe2qiFAgl4-BlaNkQoo5Ginw_bhoVl64JQs3PB1eHmmpcuyJ&_nc_sid=5e9851&_nc_ht=instagram.fraj8-1.fna.fbcdn.net&_nc_ohc=Bcblf3M5xUIQ7kNvwGiTtGk&efg=eyJ2ZW5jb2RlX3RhZyI6Inhwdl9wcm9ncmVzc2l2ZS5JTlNUQUdSQU0uQ0xJUFMuQzMuNzIwLmRhc2hfYmFzZWxpbmVfMV92MSIsInhwdl9hc3NldF9pZCI6NDYzNzYxNTM4OTg1ODIxMywiYXNzZXRfYWdlX2RheXMiOjAsInZpX3VzZWNhc2VfaWQiOjEwMDk5LCJkdXJhdGlvbl9zIjoxNiwidXJsZ2VuX3NvdXJjZSI6Ind3dyJ9&ccb=17-1&vs=828e05aca6241404&_nc_vs=HBksFQIYUmlnX3hwdl9yZWVsc19wZXJtYW5lbnRfc3JfcHJvZC85RDRCQUIzOEE4MjgxOEQyQzI1OUNDRTU0OUEyOTBBNl92aWRlb19kYXNoaW5pdC5tcDQVAALIARIAFQIYUWlnX3hwdl9wbGFjZW1lbnRfcGVybWFuZW50X3YyLzZBNDFFNDY4NzMzNEVDNjY5QjVGQzA3M0M4Qzk0NDlGX2F1ZGlvX2Rhc2hpbml0Lm1wNBUCAsgBEgAoABgAGwKIB3VzZV9vaWwBMRJwcm9ncmVzc2l2ZV9yZWNpcGUBMRUAACbK5tae3_i8EBUCKAJDMywXQDAzMzMzMzMYEmRhc2hfYmFzZWxpbmVfMV92MREAdf4HZeadAQA&_nc_gid=VS4Npv46Xo3ULyqIkTIJGg&_nc_ss=7a22e&_nc_zt=28&oh=00_Af8AOlYupuk8eum3NF3h5QC38Xhc9_gCWWrEhwwq-hhGvw&oe=6A397D3A""}"
2026-06-21T06:52:50.648372,reel,https://www.instagram.com/reel/DZ0TZkxypvg/?utm_source=ig_web_copy_link&igsh=NTc4MTIwNjQ2YQ==,"{""success"": true, ""thumbnail"": ""https://instagram.fraj8-1.fna.fbcdn.net/v/t51.71878-15/726767356_2066740710602725_1001449575707661347_n.jpg?stp=dst-jpg_e15_tt6&efg=eyJ2ZW5jb2RlX3RhZyI6ImltYWdlX3VybGdlbi42NDAuc2RyLnZpZGVvX2RlZmF1bHRfY292ZXJfZnJhbWUuYzIifQ&_nc_ht=instagram.fraj8-1.fna.fbcdn.net&_nc_cat=1&_nc_oc=Q6cZ2gF3Wr4_2XAe6lFVDN01Ft3ZQO872tDrkhSAWY3GglMDmORaRUzA6aBhhiL_yRJpBR_AC-vJzy1-9_QWq17WKEpd&_nc_ohc=9LOt1rPlMvcQ7kNvwEewEU7&_nc_gid=p18MHRbhDJm8zW0lsVFwEw&edm=ANTKIIoBAAAA&ccb=7-5&oh=00_Af9BRksT8a3AN_q0N8_CgHZafTaIjaEm1f3CMzV9Z3LRfQ&oe=6A3D54C0&_nc_sid=d885a2"", ""video_url"": ""https://instagram.fraj8-1.fna.fbcdn.net/o1/v/t2/f2/m86/AQNe5Hf8Ixi82pkP1bPdDNeojeaRgyBIQ_5koHTKu1e9sJSVySONXEMZzl7mFJRDHwaH8lwF6ga3l6sNUfyLAHWmDBZE_4kOD1Ru4z8.mp4?_nc_cat=110&_nc_oc=AdpvSr8IG_yqbCO43A-HKiLAZt-xF9Ubmr82r6Dl23lEeXD2JM8mbaG5bEgx79ZaPup2v_sVmO4CPd_vofqQwpxR&_nc_sid=5e9851&_nc_ht=instagram.fraj8-1.fna.fbcdn.net&_nc_ohc=yF0sZ8hqHaEQ7kNvwFn4JxG&efg=eyJ2ZW5jb2RlX3RhZyI6Inhwdl9wcm9ncmVzc2l2ZS5JTlNUQUdSQU0uQ0xJUFMuQzMuNzIwLmRhc2hfYmFzZWxpbmVfMV92MSIsInhwdl9hc3NldF9pZCI6OTI0OTY5MzY3MjY5NjkzLCJhc3NldF9hZ2VfZGF5cyI6MCwidmlfdXNlY2FzZV9pZCI6MTA4MjcsImR1cmF0aW9uX3MiOjEzLCJ1cmxnZW5fc291cmNlIjoid3d3In0%3D&ccb=17-1&vs=e80e20306be33ba2&_nc_vs=HBksFQIYUmlnX3hwdl9yZWVsc19wZXJtYW5lbnRfc3JfcHJvZC8xMjRERDgxRTVDQTE2RTY5M0RCRTA1ODA2OTM2NTdBQV92aWRlb19kYXNoaW5pdC5tcDQVAALIARIAFQIYUWlnX3hwdl9wbGFjZW1lbnRfcGVybWFuZW50X3YyLzA4NDkwMkM2NjYyRjZBOUYzQTQ2ODgyRkQxNDM3Mjk3X2F1ZGlvX2Rhc2hpbml0Lm1wNBUCAsgBEgAoABgAGwKIB3VzZV9vaWwBMRJwcm9ncmVzc2l2ZV9yZWNpcGUBMRUAACb6xIPpptCkAxUCKAJDMywXQCuqfvnbItEYEmRhc2hfYmFzZWxpbmVfMV92MREAdf4HZZapAQA&_nc_gid=p18MHRbhDJm8zW0lsVFwEw&_nc_zt=28&_nc_ss=7a22e&oh=00_Af9BJDm7HUvZ_5tbZMbmdtka22BBSWYm7WGP0-SMpY52fQ&oe=6A396803""}"
2026-06-21T06:54:19.842158,reel,https://www.instagram.com/reel/DZ0TZkxypvg/?utm_source=ig_web_copy_link&igsh=NTc4MTIwNjQ2YQ==,"{""success"": true, ""thumbnail"": ""https://instagram.fraj8-1.fna.fbcdn.net/v/t51.71878-15/726767356_2066740710602725_1001449575707661347_n.jpg?stp=dst-jpg_e15_tt6&efg=eyJ2ZW5jb2RlX3RhZyI6ImltYWdlX3VybGdlbi42NDAuc2RyLnZpZGVvX2RlZmF1bHRfY292ZXJfZnJhbWUuYzIifQ&_nc_ht=instagram.fraj8-1.fna.fbcdn.net&_nc_cat=1&_nc_oc=Q6cZ2gGYJ4rWxtQtyMxMwFq_JJSdX37N3MK2DaSnzkFTP6mGXIl3Qs5yk81E4WTdQ3lnX3iTyhLz8yfJ5uTrdsPhMXLn&_nc_ohc=9LOt1rPlMvcQ7kNvwEewEU7&_nc_gid=3jvHSri0Zq2lKixDxxWbdg&edm=ANTKIIoBAAAA&ccb=7-5&oh=00_Af8_SQfrXHi0_mhxiG5MI_y3Uqp2GIO1_9ZgVjYYBHwVtg&oe=6A3D54C0&_nc_sid=d885a2"", ""video_url"": ""https://instagram.fraj8-1.fna.fbcdn.net/o1/v/t2/f2/m86/AQNe5Hf8Ixi82pkP1bPdDNeojeaRgyBIQ_5koHTKu1e9sJSVySONXEMZzl7mFJRDHwaH8lwF6ga3l6sNUfyLAHWmDBZE_4kOD1Ru4z8.mp4?_nc_cat=110&_nc_oc=AdpvSr8IG_yqbCO43A-HKiLAZt-xF9Ubmr82r6Dl23lEeXD2JM8mbaG5bEgx79ZaPup2v_sVmO4CPd_vofqQwpxR&_nc_sid=5e9851&_nc_ht=instagram.fraj8-1.fna.fbcdn.net&_nc_ohc=yF0sZ8hqHaEQ7kNvwFn4JxG&efg=eyJ2ZW5jb2RlX3RhZyI6Inhwdl9wcm9ncmVzc2l2ZS5JTlNUQUdSQU0uQ0xJUFMuQzMuNzIwLmRhc2hfYmFzZWxpbmVfMV92MSIsInhwdl9hc3NldF9pZCI6OTI0OTY5MzY3MjY5NjkzLCJhc3NldF9hZ2VfZGF5cyI6MCwidmlfdXNlY2FzZV9pZCI6MTA4MjcsImR1cmF0aW9uX3MiOjEzLCJ1cmxnZW5fc291cmNlIjoid3d3In0%3D&ccb=17-1&vs=e80e20306be33ba2&_nc_vs=HBksFQIYUmlnX3hwdl9yZWVsc19wZXJtYW5lbnRfc3JfcHJvZC8xMjRERDgxRTVDQTE2RTY5M0RCRTA1ODA2OTM2NTdBQV92aWRlb19kYXNoaW5pdC5tcDQVAALIARIAFQIYUWlnX3hwdl9wbGFjZW1lbnRfcGVybWFuZW50X3YyLzA4NDkwMkM2NjYyRjZBOUYzQTQ2ODgyRkQxNDM3Mjk3X2F1ZGlvX2Rhc2hpbml0Lm1wNBUCAsgBEgAoABgAGwKIB3VzZV9vaWwBMRJwcm9ncmVzc2l2ZV9yZWNpcGUBMRUAACb6xIPpptCkAxUCKAJDMywXQCuqfvnbItEYEmRhc2hfYmFzZWxpbmVfMV92MREAdf4HZZapAQA&_nc_gid=3jvHSri0Zq2lKixDxxWbdg&_nc_zt=28&_nc_ss=7a22e&oh=00_Af9du-HXiNAkVleag4RNcQY4RBqADvWCpyspXJckAw-nnQ&oe=6A396803""}"
2026-06-21T06:55:09.396938,reel,https://www.instagram.com/reel/DZ0TZkxypvg/?utm_source=ig_web_copy_link&igsh=NTc4MTIwNjQ2YQ==,"{""success"": true, ""thumbnail"": ""https://instagram.fraj8-1.fna.fbcdn.net/v/t51.71878-15/726767356_2066740710602725_1001449575707661347_n.jpg?stp=dst-jpg_e15_tt6&efg=eyJ2ZW5jb2RlX3RhZyI6ImltYWdlX3VybGdlbi42NDAuc2RyLnZpZGVvX2RlZmF1bHRfY292ZXJfZnJhbWUuZXhwZXJpbWVudGFsIn0&_nc_ht=instagram.fraj8-1.fna.fbcdn.net&_nc_cat=1&_nc_oc=Q6cZ2gGvuHIl6fWcx5tz6QRbEVip860JKG33Q-Alk-MZmkRtwiFvD6A9Mg0sg3JhLhLCwn124uwbhvguiGKN04rgP5qz&_nc_ohc=9LOt1rPlMvcQ7kNvwEewEU7&_nc_gid=yAT7etPYZ-MyXB2R_Ls7Kw&edm=ANTKIIoBAAAA&ccb=7-5&oh=00_Af-JwVhYZvD5ukr8LwciFnFA4tYDnU5oGIxjCXcNpMwmdg&oe=6A3D54C0&_nc_sid=d885a2"", ""video_url"": ""https://instagram.fraj8-1.fna.fbcdn.net/o1/v/t2/f2/m86/AQNe5Hf8Ixi82pkP1bPdDNeojeaRgyBIQ_5koHTKu1e9sJSVySONXEMZzl7mFJRDHwaH8lwF6ga3l6sNUfyLAHWmDBZE_4kOD1Ru4z8.mp4?_nc_cat=110&_nc_oc=AdpvSr8IG_yqbCO43A-HKiLAZt-xF9Ubmr82r6Dl23lEeXD2JM8mbaG5bEgx79ZaPup2v_sVmO4CPd_vofqQwpxR&_nc_sid=5e9851&_nc_ht=instagram.fraj8-1.fna.fbcdn.net&_nc_ohc=yF0sZ8hqHaEQ7kNvwFn4JxG&efg=eyJ2ZW5jb2RlX3RhZyI6Inhwdl9wcm9ncmVzc2l2ZS5JTlNUQUdSQU0uQ0xJUFMuQzMuNzIwLmRhc2hfYmFzZWxpbmVfMV92MSIsInhwdl9hc3NldF9pZCI6OTI0OTY5MzY3MjY5NjkzLCJhc3NldF9hZ2VfZGF5cyI6MCwidmlfdXNlY2FzZV9pZCI6MTA4MjcsImR1cmF0aW9uX3MiOjEzLCJ1cmxnZW5fc291cmNlIjoid3d3In0%3D&ccb=17-1&vs=e80e20306be33ba2&_nc_vs=HBksFQIYUmlnX3hwdl9yZWVsc19wZXJtYW5lbnRfc3JfcHJvZC8xMjRERDgxRTVDQTE2RTY5M0RCRTA1ODA2OTM2NTdBQV92aWRlb19kYXNoaW5pdC5tcDQVAALIARIAFQIYUWlnX3hwdl9wbGFjZW1lbnRfcGVybWFuZW50X3YyLzA4NDkwMkM2NjYyRjZBOUYzQTQ2ODgyRkQxNDM3Mjk3X2F1ZGlvX2Rhc2hpbml0Lm1wNBUCAsgBEgAoABgAGwKIB3VzZV9vaWwBMRJwcm9ncmVzc2l2ZV9yZWNpcGUBMRUAACb6xIPpptCkAxUCKAJDMywXQCuqfvnbItEYEmRhc2hfYmFzZWxpbmVfMV92MREAdf4HZZapAQA&_nc_gid=yAT7etPYZ-MyXB2R_Ls7Kw&_nc_zt=28&_nc_ss=7a22e&oh=00_Af-W8S7sKhuRdOS0Rq89klQky3nTcLf7jyAe0bnGxtuMbA&oe=6A396803""}"
2026-06-21T06:55:44.111443,reel,https://www.instagram.com/reel/DZ0TZkxypvg/?utm_source=ig_web_copy_link&igsh=NTc4MTIwNjQ2YQ==,"{""success"": true, ""thumbnail"": ""https://instagram.fraj8-1.fna.fbcdn.net/v/t51.71878-15/726767356_2066740710602725_1001449575707661347_n.jpg?stp=dst-jpg_e15_tt6&efg=eyJ2ZW5jb2RlX3RhZyI6ImltYWdlX3VybGdlbi42NDAuc2RyLnZpZGVvX2RlZmF1bHRfY292ZXJfZnJhbWUuYzIifQ&_nc_ht=instagram.fraj8-1.fna.fbcdn.net&_nc_cat=1&_nc_oc=Q6cZ2gEaUJwsgnQuTDO7GD50PSDVf3M0ctx5aYHMz7w3dj6tOdT_AJaRFlzKL_FyRYGBsohOnEGiEdZ9-9Zv-jbh1K0D&_nc_ohc=9LOt1rPlMvcQ7kNvwEewEU7&_nc_gid=k0kNH0u6hbd2lT6eSs4BMQ&edm=ANTKIIoBAAAA&ccb=7-5&oh=00_Af_xLJFz2QgpXLg2mZLbzJchnDf9I29CKbkaq36gea3pNw&oe=6A3D54C0&_nc_sid=d885a2"", ""video_url"": ""https://instagram.fraj8-1.fna.fbcdn.net/o1/v/t2/f2/m86/AQNe5Hf8Ixi82pkP1bPdDNeojeaRgyBIQ_5koHTKu1e9sJSVySONXEMZzl7mFJRDHwaH8lwF6ga3l6sNUfyLAHWmDBZE_4kOD1Ru4z8.mp4?_nc_cat=110&_nc_oc=AdpvSr8IG_yqbCO43A-HKiLAZt-xF9Ubmr82r6Dl23lEeXD2JM8mbaG5bEgx79ZaPup2v_sVmO4CPd_vofqQwpxR&_nc_sid=5e9851&_nc_ht=instagram.fraj8-1.fna.fbcdn.net&_nc_ohc=yF0sZ8hqHaEQ7kNvwFn4JxG&efg=eyJ2ZW5jb2RlX3RhZyI6Inhwdl9wcm9ncmVzc2l2ZS5JTlNUQUdSQU0uQ0xJUFMuQzMuNzIwLmRhc2hfYmFzZWxpbmVfMV92MSIsInhwdl9hc3NldF9pZCI6OTI0OTY5MzY3MjY5NjkzLCJhc3NldF9hZ2VfZGF5cyI6MCwidmlfdXNlY2FzZV9pZCI6MTA4MjcsImR1cmF0aW9uX3MiOjEzLCJ1cmxnZW5fc291cmNlIjoid3d3In0%3D&ccb=17-1&vs=e80e20306be33ba2&_nc_vs=HBksFQIYUmlnX3hwdl9yZWVsc19wZXJtYW5lbnRfc3JfcHJvZC8xMjRERDgxRTVDQTE2RTY5M0RCRTA1ODA2OTM2NTdBQV92aWRlb19kYXNoaW5pdC5tcDQVAALIARIAFQIYUWlnX3hwdl9wbGFjZW1lbnRfcGVybWFuZW50X3YyLzA4NDkwMkM2NjYyRjZBOUYzQTQ2ODgyRkQxNDM3Mjk3X2F1ZGlvX2Rhc2hpbml0Lm1wNBUCAsgBEgAoABgAGwKIB3VzZV9vaWwBMRJwcm9ncmVzc2l2ZV9yZWNpcGUBMRUAACb6xIPpptCkAxUCKAJDMywXQCuqfvnbItEYEmRhc2hfYmFzZWxpbmVfMV92MREAdf4HZZapAQA&_nc_gid=k0kNH0u6hbd2lT6eSs4BMQ&_nc_zt=28&_nc_ss=7a22e&oh=00_Af9bE1Y8vzJxq2nAvE4U1yiV4kysbh4UgFn-cECj0KCr_w&oe=6A396803""}"
2026-06-21T06:56:13.918376,reel,https://www.instagram.com/reel/DZ0TZkxypvg/?utm_source=ig_web_copy_link&igsh=NTc4MTIwNjQ2YQ==,"{""success"": true, ""thumbnail"": ""https://instagram.fraj8-1.fna.fbcdn.net/v/t51.71878-15/726767356_2066740710602725_1001449575707661347_n.jpg?stp=dst-jpg_e15_tt6&efg=eyJ2ZW5jb2RlX3RhZyI6ImltYWdlX3VybGdlbi42NDAuc2RyLnZpZGVvX2RlZmF1bHRfY292ZXJfZnJhbWUuYzIifQ&_nc_ht=instagram.fraj8-1.fna.fbcdn.net&_nc_cat=1&_nc_oc=Q6cZ2gGz85MGoi6P5w_reB1joJbG03oN8Gjjw8W_Vh4lBB_A2eEE2EWbgBJyCnaF4eyb8_TDV70A3cMGkvHfxaFUvzDt&_nc_ohc=9LOt1rPlMvcQ7kNvwEewEU7&_nc_gid=asvrHs9f473h2StOaiPhbA&edm=ANTKIIoBAAAA&ccb=7-5&oh=00_Af-ZsOF1OnvegoSCfEHiEpN6cZs19XN8sB00JB0ZUmQTqA&oe=6A3D54C0&_nc_sid=d885a2"", ""video_url"": ""https://instagram.fraj8-1.fna.fbcdn.net/o1/v/t2/f2/m86/AQNe5Hf8Ixi82pkP1bPdDNeojeaRgyBIQ_5koHTKu1e9sJSVySONXEMZzl7mFJRDHwaH8lwF6ga3l6sNUfyLAHWmDBZE_4kOD1Ru4z8.mp4?_nc_cat=110&_nc_oc=AdpvSr8IG_yqbCO43A-HKiLAZt-xF9Ubmr82r6Dl23lEeXD2JM8mbaG5bEgx79ZaPup2v_sVmO4CPd_vofqQwpxR&_nc_sid=5e9851&_nc_ht=instagram.fraj8-1.fna.fbcdn.net&_nc_ohc=yF0sZ8hqHaEQ7kNvwFn4JxG&efg=eyJ2ZW5jb2RlX3RhZyI6Inhwdl9wcm9ncmVzc2l2ZS5JTlNUQUdSQU0uQ0xJUFMuQzMuNzIwLmRhc2hfYmFzZWxpbmVfMV92MSIsInhwdl9hc3NldF9pZCI6OTI0OTY5MzY3MjY5NjkzLCJhc3NldF9hZ2VfZGF5cyI6MCwidmlfdXNlY2FzZV9pZCI6MTA4MjcsImR1cmF0aW9uX3MiOjEzLCJ1cmxnZW5fc291cmNlIjoid3d3In0%3D&ccb=17-1&vs=e80e20306be33ba2&_nc_vs=HBksFQIYUmlnX3hwdl9yZWVsc19wZXJtYW5lbnRfc3JfcHJvZC8xMjRERDgxRTVDQTE2RTY5M0RCRTA1ODA2OTM2NTdBQV92aWRlb19kYXNoaW5pdC5tcDQVAALIARIAFQIYUWlnX3hwdl9wbGFjZW1lbnRfcGVybWFuZW50X3YyLzA4NDkwMkM2NjYyRjZBOUYzQTQ2ODgyRkQxNDM3Mjk3X2F1ZGlvX2Rhc2hpbml0Lm1wNBUCAsgBEgAoABgAGwKIB3VzZV9vaWwBMRJwcm9ncmVzc2l2ZV9yZWNpcGUBMRUAACb6xIPpptCkAxUCKAJDMywXQCuqfvnbItEYEmRhc2hfYmFzZWxpbmVfMV92MREAdf4HZZapAQA&_nc_gid=asvrHs9f473h2StOaiPhbA&_nc_zt=28&_nc_ss=7a22e&oh=00_Af-EL-kaHhZH3bPIPO_dTXti7g2uct7map3bcKdJw9ZkNw&oe=6A396803""}"
2026-06-21T07:06:45.065724,reel,https://www.instagram.com/reel/DZ0TZkxypvg/?utm_source=ig_web_copy_link&igsh=NTc4MTIwNjQ2YQ==,"{""success"": true, ""video_url"": ""https://instagram.fraj8-1.fna.fbcdn.net/o1/v/t2/f2/m86/AQNe5Hf8Ixi82pkP1bPdDNeojeaRgyBIQ_5koHTKu1e9sJSVySONXEMZzl7mFJRDHwaH8lwF6ga3l6sNUfyLAHWmDBZE_4kOD1Ru4z8.mp4?_nc_cat=110&_nc_oc=AdpvSr8IG_yqbCO43A-HKiLAZt-xF9Ubmr82r6Dl23lEeXD2JM8mbaG5bEgx79ZaPup2v_sVmO4CPd_vofqQwpxR&_nc_sid=5e9851&_nc_ht=instagram.fraj8-1.fna.fbcdn.net&_nc_ohc=yF0sZ8hqHaEQ7kNvwFn4JxG&efg=eyJ2ZW5jb2RlX3RhZyI6Inhwdl9wcm9ncmVzc2l2ZS5JTlNUQUdSQU0uQ0xJUFMuQzMuNzIwLmRhc2hfYmFzZWxpbmVfMV92MSIsInhwdl9hc3NldF9pZCI6OTI0OTY5MzY3MjY5NjkzLCJhc3NldF9hZ2VfZGF5cyI6MCwidmlfdXNlY2FzZV9pZCI6MTA4MjcsImR1cmF0aW9uX3MiOjEzLCJ1cmxnZW5fc291cmNlIjoid3d3In0%3D&ccb=17-1&vs=e80e20306be33ba2&_nc_vs=HBksFQIYUmlnX3hwdl9yZWVsc19wZXJtYW5lbnRfc3JfcHJvZC8xMjRERDgxRTVDQTE2RTY5M0RCRTA1ODA2OTM2NTdBQV92aWRlb19kYXNoaW5pdC5tcDQVAALIARIAFQIYUWlnX3hwdl9wbGFjZW1lbnRfcGVybWFuZW50X3YyLzA4NDkwMkM2NjYyRjZBOUYzQTQ2ODgyRkQxNDM3Mjk3X2F1ZGlvX2Rhc2hpbml0Lm1wNBUCAsgBEgAoABgAGwKIB3VzZV9vaWwBMRJwcm9ncmVzc2l2ZV9yZWNpcGUBMRUAACb6xIPpptCkAxUCKAJDMywXQCuqfvnbItEYEmRhc2hfYmFzZWxpbmVfMV92MREAdf4HZZapAQA&_nc_gid=Ze6Uylw1SvmiTWEw4US7Og&_nc_zt=28&_nc_ss=7a22e&oh=00_Af-qbM9pg1-BT8XLN_a5_W5WvkSlhsSpaNFEBoP-n3Yl6w&oe=6A396803""}"
2026-06-21T07:11:34.563635,post,https://www.instagram.com/p/DL-RwxWoSVV/?igsh=NXkzaG91cHd2b3Bo,"{""success"": true, ""images"": [""https://instagram.fraj8-1.fna.fbcdn.net/v/t51.82787-15/517373626_17927036280091497_8614458627634445641_n.jpg?stp=dst-jpg_e15_fr_p1080x1080_tt6&_nc_ht=instagram.fraj8-1.fna.fbcdn.net&_nc_cat=109&_nc_oc=Q6cZ2gH_QRgKcvM4LMylnD17a9s9SqcwVoUj_qWyvVyZTBvbZ8qdnpkl2jB7c0EWRse99PkR7fm-2c38eH7DjIIQWkwV&_nc_ohc=0qw4Hie__Z0Q7kNvwERo-zH&_nc_gid=5G5BbYxDgevxmDCy060Y5g&edm=ANTKIIoBAAAA&ccb=7-5&ig_cache_key=MzY3NDQ1MjQ0ODUyODkxNzQzMQ%3D%3D.3-ccb7-5&oh=00_Af-8C61UScpMK5fkxm9JGz085ZmMKZA6Br4QSBWqCti8mA&oe=6A3D67CA&_nc_sid=d885a2"", ""https://instagram.fraj8-1.fna.fbcdn.net/v/t51.82787-15/518040030_17927036289091497_5943998199231305918_n.jpg?stp=dst-jpg_e15_fr_p1080x1080_tt6&_nc_ht=instagram.fraj8-1.fna.fbcdn.net&_nc_cat=109&_nc_oc=Q6cZ2gH_QRgKcvM4LMylnD17a9s9SqcwVoUj_qWyvVyZTBvbZ8qdnpkl2jB7c0EWRse99PkR7fm-2c38eH7DjIIQWkwV&_nc_ohc=MYwi1wapfGYQ7kNvwEd2nbH&_nc_gid=5G5BbYxDgevxmDCy060Y5g&edm=ANTKIIoBAAAA&ccb=7-5&ig_cache_key=MzY3NDQ1MjQ0ODI5NDE4NDU4MQ%3D%3D.3-ccb7-5&oh=00_Af_XrWk5ZBzIcZ5wf4NB_UMeOuMzE5uUhSPtp2dFAQUrHw&oe=6A3D52DB&_nc_sid=d885a2"", ""https://instagram.fraj8-1.fna.fbcdn.net/v/t51.82787-15/517894048_17927036298091497_5553499307280189290_n.jpg?stp=dst-jpg_e15_fr_p1080x1080_tt6&_nc_ht=instagram.fraj8-1.fna.fbcdn.net&_nc_cat=109&_nc_oc=Q6cZ2gH_QRgKcvM4LMylnD17a9s9SqcwVoUj_qWyvVyZTBvbZ8qdnpkl2jB7c0EWRse99PkR7fm-2c38eH7DjIIQWkwV&_nc_ohc=rLsHlRsx6qoQ7kNvwE9OKj1&_nc_gid=5G5BbYxDgevxmDCy060Y5g&edm=ANTKIIoBAAAA&ccb=7-5&ig_cache_key=MzY3NDQ1MjQ0ODIyNjg5MzAzMQ%3D%3D.3-ccb7-5&oh=00_Af_FpBXL8SJemImCy74G723ohMOCwpQt_WLjgh6gVrrGwg&oe=6A3D5524&_nc_sid=d885a2"", ""https://instagram.fraj8-1.fna.fbcdn.net/v/t51.82787-15/516799916_17927036307091497_4428315980411081440_n.jpg?stp=dst-jpg_e15_fr_p1080x1080_tt6&_nc_ht=instagram.fraj8-1.fna.fbcdn.net&_nc_cat=109&_nc_oc=Q6cZ2gH_QRgKcvM4LMylnD17a9s9SqcwVoUj_qWyvVyZTBvbZ8qdnpkl2jB7c0EWRse99PkR7fm-2c38eH7DjIIQWkwV&_nc_ohc=wXZXRNmVDh4Q7kNvwHP44ak&_nc_gid=5G5BbYxDgevxmDCy060Y5g&edm=ANTKIIoBAAAA&ccb=7-5&ig_cache_key=MzY3NDQ1MjQ0ODI0MzgyMzQ5Mw%3D%3D.3-ccb7-5&oh=00_Af94UC4bkNogvLby_snQ_MjRsPkK5PbIIE3urzILBf6MOg&oe=6A3D6E2D&_nc_sid=d885a2"", ""https://instagram.fraj8-1.fna.fbcdn.net/v/t51.82787-15/518113255_17927036316091497_6597319522533269732_n.jpg?stp=dst-jpg_e15_fr_p1080x1080_tt6&_nc_ht=instagram.fraj8-1.fna.fbcdn.net&_nc_cat=109&_nc_oc=Q6cZ2gH_QRgKcvM4LMylnD17a9s9SqcwVoUj_qWyvVyZTBvbZ8qdnpkl2jB7c0EWRse99PkR7fm-2c38eH7DjIIQWkwV&_nc_ohc=jdjxzX-JEn4Q7kNvwFaaF3U&_nc_gid=5G5BbYxDgevxmDCy060Y5g&edm=ANTKIIoBAAAA&ccb=7-5&ig_cache_key=MzY3NDQ1MjQ0ODIxODY1MTkxOQ%3D%3D.3-ccb7-5&oh=00_Af94GE9ZraRVFEdng2-9cZbpThxJ3EOa2mk0spnQrkVoGg&oe=6A3D5584&_nc_sid=d885a2"", ""https://instagram.fraj8-1.fna.fbcdn.net/v/t51.82787-15/518644649_17927036325091497_2179789078678908187_n.jpg?stp=dst-jpg_e15_fr_p1080x1080_tt6&_nc_ht=instagram.fraj8-1.fna.fbcdn.net&_nc_cat=109&_nc_oc=Q6cZ2gH_QRgKcvM4LMylnD17a9s9SqcwVoUj_qWyvVyZTBvbZ8qdnpkl2jB7c0EWRse99PkR7fm-2c38eH7DjIIQWkwV&_nc_ohc=kkl8VN_kdpoQ7kNvwG1aP17&_nc_gid=5G5BbYxDgevxmDCy060Y5g&edm=ANTKIIoBAAAA&ccb=7-5&ig_cache_key=MzY3NDQ1MjQ0ODIyNjk4NDMzMw%3D%3D.3-ccb7-5&oh=00_Af-QDgrqZYV7tW3cXImuA_t8UPhhzXeJ-_gLF1IhdgTZjQ&oe=6A3D59FB&_nc_sid=d885a2"", ""https://instagram.fraj8-1.fna.fbcdn.net/v/t51.82787-15/518561659_17927036334091497_7809740867418535989_n.jpg?stp=dst-jpg_e15_fr_p1080x1080_tt6&_nc_ht=instagram.fraj8-1.fna.fbcdn.net&_nc_cat=109&_nc_oc=Q6cZ2gH_QRgKcvM4LMylnD17a9s9SqcwVoUj_qWyvVyZTBvbZ8qdnpkl2jB7c0EWRse99PkR7fm-2c38eH7DjIIQWkwV&_nc_ohc=Vu2Mljnmr2YQ7kNvwEB-cs4&_nc_gid=5G5BbYxDgevxmDCy060Y5g&edm=ANTKIIoBAAAA&ccb=7-5&ig_cache_key=MzY3NDQ1MjQ0ODIyNjkxMjczNA%3D%3D.3-ccb7-5&oh=00_Af-iphn0m2hFhjaJg660dDcM2nv0lnxvDNuI89kwT6J8rQ&oe=6A3D6EE7&_nc_sid=d885a2"", ""https://instagram.fraj8-1.fna.fbcdn.net/v/t51.82787-15/517387922_17927036349091497_6721437203519599917_n.jpg?stp=dst-jpg_e15_fr_p1080x1080_tt6&_nc_ht=instagram.fraj8-1.fna.fbcdn.net&_nc_cat=109&_nc_oc=Q6cZ2gH_QRgKcvM4LMylnD17a9s9SqcwVoUj_qWyvVyZTBvbZ8qdnpkl2jB7c0EWRse99PkR7fm-2c38eH7DjIIQWkwV&_nc_ohc=9n9mtzZHS3cQ7kNvwEqOLJX&_nc_gid=5G5BbYxDgevxmDCy060Y5g&edm=ANTKIIoBAAAA&ccb=7-5&ig_cache_key=MzY3NDQ1MjQ0ODI0MzY3MzM3Nw%3D%3D.3-ccb7-5&oh=00_Af_eJyx6u1nzqwvjc4_JajMgIR0bRb2GC0GCR1UWnIbLFA&oe=6A3D6462&_nc_sid=d885a2"", ""https://instagram.fraj8-1.fna.fbcdn.net/v/t51.82787-15/518317338_17927036352091497_7545615616806070170_n.jpg?stp=dst-jpg_e15_fr_p1080x1080_tt6&_nc_ht=instagram.fraj8-1.fna.fbcdn.net&_nc_cat=109&_nc_oc=Q6cZ2gH_QRgKcvM4LMylnD17a9s9SqcwVoUj_qWyvVyZTBvbZ8qdnpkl2jB7c0EWRse99PkR7fm-2c38eH7DjIIQWkwV&_nc_ohc=_t4BBiZxCa4Q7kNvwEhmR6S&_nc_gid=5G5BbYxDgevxmDCy060Y5g&edm=ANTKIIoBAAAA&ccb=7-5&ig_cache_key=MzY3NDQ1MjQ0ODI0Mzg0NDMxNA%3D%3D.3-ccb7-5&oh=00_Af-lJ8Fk7VKN6j-K9B2va5zi8iTJ9Stk4zhE_PRGv6Dx9Q&oe=6A3D6217&_nc_sid=d885a2""]}"
2026-06-21T07:18:20.529174,post,https://www.instagram.com/p/DL-RwxWoSVV/?igsh=NXkzaG91cHd2b3Bo,"{""success"": true, ""images"": [""https://instagram.fraj8-1.fna.fbcdn.net/v/t51.82787-15/517373626_17927036280091497_8614458627634445641_n.jpg?stp=dst-jpg_e15_fr_p1080x1080_tt6&_nc_ht=instagram.fraj8-1.fna.fbcdn.net&_nc_cat=109&_nc_oc=Q6cZ2gH_QRgKcvM4LMylnD17a9s9SqcwVoUj_qWyvVyZTBvbZ8qdnpkl2jB7c0EWRse99PkR7fm-2c38eH7DjIIQWkwV&_nc_ohc=0qw4Hie__Z0Q7kNvwERo-zH&_nc_gid=5G5BbYxDgevxmDCy060Y5g&edm=ANTKIIoBAAAA&ccb=7-5&ig_cache_key=MzY3NDQ1MjQ0ODUyODkxNzQzMQ%3D%3D.3-ccb7-5&oh=00_Af-8C61UScpMK5fkxm9JGz085ZmMKZA6Br4QSBWqCti8mA&oe=6A3D67CA&_nc_sid=d885a2"", ""https://instagram.fraj8-1.fna.fbcdn.net/v/t51.82787-15/518040030_17927036289091497_5943998199231305918_n.jpg?stp=dst-jpg_e15_fr_p1080x1080_tt6&_nc_ht=instagram.fraj8-1.fna.fbcdn.net&_nc_cat=109&_nc_oc=Q6cZ2gH_QRgKcvM4LMylnD17a9s9SqcwVoUj_qWyvVyZTBvbZ8qdnpkl2jB7c0EWRse99PkR7fm-2c38eH7DjIIQWkwV&_nc_ohc=MYwi1wapfGYQ7kNvwEd2nbH&_nc_gid=5G5BbYxDgevxmDCy060Y5g&edm=ANTKIIoBAAAA&ccb=7-5&ig_cache_key=MzY3NDQ1MjQ0ODI5NDE4NDU4MQ%3D%3D.3-ccb7-5&oh=00_Af_XrWk5ZBzIcZ5wf4NB_UMeOuMzE5uUhSPtp2dFAQUrHw&oe=6A3D52DB&_nc_sid=d885a2"", ""https://instagram.fraj8-1.fna.fbcdn.net/v/t51.82787-15/517894048_17927036298091497_5553499307280189290_n.jpg?stp=dst-jpg_e15_fr_p1080x1080_tt6&_nc_ht=instagram.fraj8-1.fna.fbcdn.net&_nc_cat=109&_nc_oc=Q6cZ2gH_QRgKcvM4LMylnD17a9s9SqcwVoUj_qWyvVyZTBvbZ8qdnpkl2jB7c0EWRse99PkR7fm-2c38eH7DjIIQWkwV&_nc_ohc=rLsHlRsx6qoQ7kNvwE9OKj1&_nc_gid=5G5BbYxDgevxmDCy060Y5g&edm=ANTKIIoBAAAA&ccb=7-5&ig_cache_key=MzY3NDQ1MjQ0ODIyNjg5MzAzMQ%3D%3D.3-ccb7-5&oh=00_Af_FpBXL8SJemImCy74G723ohMOCwpQt_WLjgh6gVrrGwg&oe=6A3D5524&_nc_sid=d885a2"", ""https://instagram.fraj8-1.fna.fbcdn.net/v/t51.82787-15/516799916_17927036307091497_4428315980411081440_n.jpg?stp=dst-jpg_e15_fr_p1080x1080_tt6&_nc_ht=instagram.fraj8-1.fna.fbcdn.net&_nc_cat=109&_nc_oc=Q6cZ2gH_QRgKcvM4LMylnD17a9s9SqcwVoUj_qWyvVyZTBvbZ8qdnpkl2jB7c0EWRse99PkR7fm-2c38eH7DjIIQWkwV&_nc_ohc=wXZXRNmVDh4Q7kNvwHP44ak&_nc_gid=5G5BbYxDgevxmDCy060Y5g&edm=ANTKIIoBAAAA&ccb=7-5&ig_cache_key=MzY3NDQ1MjQ0ODI0MzgyMzQ5Mw%3D%3D.3-ccb7-5&oh=00_Af94UC4bkNogvLby_snQ_MjRsPkK5PbIIE3urzILBf6MOg&oe=6A3D6E2D&_nc_sid=d885a2"", ""https://instagram.fraj8-1.fna.fbcdn.net/v/t51.82787-15/518113255_17927036316091497_6597319522533269732_n.jpg?stp=dst-jpg_e15_fr_p1080x1080_tt6&_nc_ht=instagram.fraj8-1.fna.fbcdn.net&_nc_cat=109&_nc_oc=Q6cZ2gH_QRgKcvM4LMylnD17a9s9SqcwVoUj_qWyvVyZTBvbZ8qdnpkl2jB7c0EWRse99PkR7fm-2c38eH7DjIIQWkwV&_nc_ohc=jdjxzX-JEn4Q7kNvwFaaF3U&_nc_gid=5G5BbYxDgevxmDCy060Y5g&edm=ANTKIIoBAAAA&ccb=7-5&ig_cache_key=MzY3NDQ1MjQ0ODIxODY1MTkxOQ%3D%3D.3-ccb7-5&oh=00_Af94GE9ZraRVFEdng2-9cZbpThxJ3EOa2mk0spnQrkVoGg&oe=6A3D5584&_nc_sid=d885a2"", ""https://instagram.fraj8-1.fna.fbcdn.net/v/t51.82787-15/518644649_17927036325091497_2179789078678908187_n.jpg?stp=dst-jpg_e15_fr_p1080x1080_tt6&_nc_ht=instagram.fraj8-1.fna.fbcdn.net&_nc_cat=109&_nc_oc=Q6cZ2gH_QRgKcvM4LMylnD17a9s9SqcwVoUj_qWyvVyZTBvbZ8qdnpkl2jB7c0EWRse99PkR7fm-2c38eH7DjIIQWkwV&_nc_ohc=kkl8VN_kdpoQ7kNvwG1aP17&_nc_gid=5G5BbYxDgevxmDCy060Y5g&edm=ANTKIIoBAAAA&ccb=7-5&ig_cache_key=MzY3NDQ1MjQ0ODIyNjk4NDMzMw%3D%3D.3-ccb7-5&oh=00_Af-QDgrqZYV7tW3cXImuA_t8UPhhzXeJ-_gLF1IhdgTZjQ&oe=6A3D59FB&_nc_sid=d885a2"", ""https://instagram.fraj8-1.fna.fbcdn.net/v/t51.82787-15/518561659_17927036334091497_7809740867418535989_n.jpg?stp=dst-jpg_e15_fr_p1080x1080_tt6&_nc_ht=instagram.fraj8-1.fna.fbcdn.net&_nc_cat=109&_nc_oc=Q6cZ2gH_QRgKcvM4LMylnD17a9s9SqcwVoUj_qWyvVyZTBvbZ8qdnpkl2jB7c0EWRse99PkR7fm-2c38eH7DjIIQWkwV&_nc_ohc=Vu2Mljnmr2YQ7kNvwEB-cs4&_nc_gid=5G5BbYxDgevxmDCy060Y5g&edm=ANTKIIoBAAAA&ccb=7-5&ig_cache_key=MzY3NDQ1MjQ0ODIyNjkxMjczNA%3D%3D.3-ccb7-5&oh=00_Af-iphn0m2hFhjaJg660dDcM2nv0lnxvDNuI89kwT6J8rQ&oe=6A3D6EE7&_nc_sid=d885a2"", ""https://instagram.fraj8-1.fna.fbcdn.net/v/t51.82787-15/517387922_17927036349091497_6721437203519599917_n.jpg?stp=dst-jpg_e15_fr_p1080x1080_tt6&_nc_ht=instagram.fraj8-1.fna.fbcdn.net&_nc_cat=109&_nc_oc=Q6cZ2gH_QRgKcvM4LMylnD17a9s9SqcwVoUj_qWyvVyZTBvbZ8qdnpkl2jB7c0EWRse99PkR7fm-2c38eH7DjIIQWkwV&_nc_ohc=9n9mtzZHS3cQ7kNvwEqOLJX&_nc_gid=5G5BbYxDgevxmDCy060Y5g&edm=ANTKIIoBAAAA&ccb=7-5&ig_cache_key=MzY3NDQ1MjQ0ODI0MzY3MzM3Nw%3D%3D.3-ccb7-5&oh=00_Af_eJyx6u1nzqwvjc4_JajMgIR0bRb2GC0GCR1UWnIbLFA&oe=6A3D6462&_nc_sid=d885a2"", ""https://instagram.fraj8-1.fna.fbcdn.net/v/t51.82787-15/518317338_17927036352091497_7545615616806070170_n.jpg?stp=dst-jpg_e15_fr_p1080x1080_tt6&_nc_ht=instagram.fraj8-1.fna.fbcdn.net&_nc_cat=109&_nc_oc=Q6cZ2gH_QRgKcvM4LMylnD17a9s9SqcwVoUj_qWyvVyZTBvbZ8qdnpkl2jB7c0EWRse99PkR7fm-2c38eH7DjIIQWkwV&_nc_ohc=_t4BBiZxCa4Q7kNvwEhmR6S&_nc_gid=5G5BbYxDgevxmDCy060Y5g&edm=ANTKIIoBAAAA&ccb=7-5&ig_cache_key=MzY3NDQ1MjQ0ODI0Mzg0NDMxNA%3D%3D.3-ccb7-5&oh=00_Af-lJ8Fk7VKN6j-K9B2va5zi8iTJ9Stk4zhE_PRGv6Dx9Q&oe=6A3D6217&_nc_sid=d885a2""]}"
2026-06-21T07:19:16.069820,post,https://www.instagram.com/p/DL-RwxWoSVV/?igsh=NXkzaG91cHd2b3Bo,"{""success"": true, ""images"": [""https://instagram.fraj8-1.fna.fbcdn.net/v/t51.82787-15/517373626_17927036280091497_8614458627634445641_n.jpg?stp=dst-jpg_e15_fr_p1080x1080_tt6&_nc_ht=instagram.fraj8-1.fna.fbcdn.net&_nc_cat=109&_nc_oc=Q6cZ2gH_QRgKcvM4LMylnD17a9s9SqcwVoUj_qWyvVyZTBvbZ8qdnpkl2jB7c0EWRse99PkR7fm-2c38eH7DjIIQWkwV&_nc_ohc=0qw4Hie__Z0Q7kNvwERo-zH&_nc_gid=5G5BbYxDgevxmDCy060Y5g&edm=ANTKIIoBAAAA&ccb=7-5&ig_cache_key=MzY3NDQ1MjQ0ODUyODkxNzQzMQ%3D%3D.3-ccb7-5&oh=00_Af-8C61UScpMK5fkxm9JGz085ZmMKZA6Br4QSBWqCti8mA&oe=6A3D67CA&_nc_sid=d885a2"", ""https://instagram.fraj8-1.fna.fbcdn.net/v/t51.82787-15/518040030_17927036289091497_5943998199231305918_n.jpg?stp=dst-jpg_e15_fr_p1080x1080_tt6&_nc_ht=instagram.fraj8-1.fna.fbcdn.net&_nc_cat=109&_nc_oc=Q6cZ2gH_QRgKcvM4LMylnD17a9s9SqcwVoUj_qWyvVyZTBvbZ8qdnpkl2jB7c0EWRse99PkR7fm-2c38eH7DjIIQWkwV&_nc_ohc=MYwi1wapfGYQ7kNvwEd2nbH&_nc_gid=5G5BbYxDgevxmDCy060Y5g&edm=ANTKIIoBAAAA&ccb=7-5&ig_cache_key=MzY3NDQ1MjQ0ODI5NDE4NDU4MQ%3D%3D.3-ccb7-5&oh=00_Af_XrWk5ZBzIcZ5wf4NB_UMeOuMzE5uUhSPtp2dFAQUrHw&oe=6A3D52DB&_nc_sid=d885a2"", ""https://instagram.fraj8-1.fna.fbcdn.net/v/t51.82787-15/517894048_17927036298091497_5553499307280189290_n.jpg?stp=dst-jpg_e15_fr_p1080x1080_tt6&_nc_ht=instagram.fraj8-1.fna.fbcdn.net&_nc_cat=109&_nc_oc=Q6cZ2gH_QRgKcvM4LMylnD17a9s9SqcwVoUj_qWyvVyZTBvbZ8qdnpkl2jB7c0EWRse99PkR7fm-2c38eH7DjIIQWkwV&_nc_ohc=rLsHlRsx6qoQ7kNvwE9OKj1&_nc_gid=5G5BbYxDgevxmDCy060Y5g&edm=ANTKIIoBAAAA&ccb=7-5&ig_cache_key=MzY3NDQ1MjQ0ODIyNjg5MzAzMQ%3D%3D.3-ccb7-5&oh=00_Af_FpBXL8SJemImCy74G723ohMOCwpQt_WLjgh6gVrrGwg&oe=6A3D5524&_nc_sid=d885a2"", ""https://instagram.fraj8-1.fna.fbcdn.net/v/t51.82787-15/516799916_17927036307091497_4428315980411081440_n.jpg?stp=dst-jpg_e15_fr_p1080x1080_tt6&_nc_ht=instagram.fraj8-1.fna.fbcdn.net&_nc_cat=109&_nc_oc=Q6cZ2gH_QRgKcvM4LMylnD17a9s9SqcwVoUj_qWyvVyZTBvbZ8qdnpkl2jB7c0EWRse99PkR7fm-2c38eH7DjIIQWkwV&_nc_ohc=wXZXRNmVDh4Q7kNvwHP44ak&_nc_gid=5G5BbYxDgevxmDCy060Y5g&edm=ANTKIIoBAAAA&ccb=7-5&ig_cache_key=MzY3NDQ1MjQ0ODI0MzgyMzQ5Mw%3D%3D.3-ccb7-5&oh=00_Af94UC4bkNogvLby_snQ_MjRsPkK5PbIIE3urzILBf6MOg&oe=6A3D6E2D&_nc_sid=d885a2"", ""https://instagram.fraj8-1.fna.fbcdn.net/v/t51.82787-15/518113255_17927036316091497_6597319522533269732_n.jpg?stp=dst-jpg_e15_fr_p1080x1080_tt6&_nc_ht=instagram.fraj8-1.fna.fbcdn.net&_nc_cat=109&_nc_oc=Q6cZ2gH_QRgKcvM4LMylnD17a9s9SqcwVoUj_qWyvVyZTBvbZ8qdnpkl2jB7c0EWRse99PkR7fm-2c38eH7DjIIQWkwV&_nc_ohc=jdjxzX-JEn4Q7kNvwFaaF3U&_nc_gid=5G5BbYxDgevxmDCy060Y5g&edm=ANTKIIoBAAAA&ccb=7-5&ig_cache_key=MzY3NDQ1MjQ0ODIxODY1MTkxOQ%3D%3D.3-ccb7-5&oh=00_Af94GE9ZraRVFEdng2-9cZbpThxJ3EOa2mk0spnQrkVoGg&oe=6A3D5584&_nc_sid=d885a2"", ""https://instagram.fraj8-1.fna.fbcdn.net/v/t51.82787-15/518644649_17927036325091497_2179789078678908187_n.jpg?stp=dst-jpg_e15_fr_p1080x1080_tt6&_nc_ht=instagram.fraj8-1.fna.fbcdn.net&_nc_cat=109&_nc_oc=Q6cZ2gH_QRgKcvM4LMylnD17a9s9SqcwVoUj_qWyvVyZTBvbZ8qdnpkl2jB7c0EWRse99PkR7fm-2c38eH7DjIIQWkwV&_nc_ohc=kkl8VN_kdpoQ7kNvwG1aP17&_nc_gid=5G5BbYxDgevxmDCy060Y5g&edm=ANTKIIoBAAAA&ccb=7-5&ig_cache_key=MzY3NDQ1MjQ0ODIyNjk4NDMzMw%3D%3D.3-ccb7-5&oh=00_Af-QDgrqZYV7tW3cXImuA_t8UPhhzXeJ-_gLF1IhdgTZjQ&oe=6A3D59FB&_nc_sid=d885a2"", ""https://instagram.fraj8-1.fna.fbcdn.net/v/t51.82787-15/518561659_17927036334091497_7809740867418535989_n.jpg?stp=dst-jpg_e15_fr_p1080x1080_tt6&_nc_ht=instagram.fraj8-1.fna.fbcdn.net&_nc_cat=109&_nc_oc=Q6cZ2gH_QRgKcvM4LMylnD17a9s9SqcwVoUj_qWyvVyZTBvbZ8qdnpkl2jB7c0EWRse99PkR7fm-2c38eH7DjIIQWkwV&_nc_ohc=Vu2Mljnmr2YQ7kNvwEB-cs4&_nc_gid=5G5BbYxDgevxmDCy060Y5g&edm=ANTKIIoBAAAA&ccb=7-5&ig_cache_key=MzY3NDQ1MjQ0ODIyNjkxMjczNA%3D%3D.3-ccb7-5&oh=00_Af-iphn0m2hFhjaJg660dDcM2nv0lnxvDNuI89kwT6J8rQ&oe=6A3D6EE7&_nc_sid=d885a2"", ""https://instagram.fraj8-1.fna.fbcdn.net/v/t51.82787-15/517387922_17927036349091497_6721437203519599917_n.jpg?stp=dst-jpg_e15_fr_p1080x1080_tt6&_nc_ht=instagram.fraj8-1.fna.fbcdn.net&_nc_cat=109&_nc_oc=Q6cZ2gH_QRgKcvM4LMylnD17a9s9SqcwVoUj_qWyvVyZTBvbZ8qdnpkl2jB7c0EWRse99PkR7fm-2c38eH7DjIIQWkwV&_nc_ohc=9n9mtzZHS3cQ7kNvwEqOLJX&_nc_gid=5G5BbYxDgevxmDCy060Y5g&edm=ANTKIIoBAAAA&ccb=7-5&ig_cache_key=MzY3NDQ1MjQ0ODI0MzY3MzM3Nw%3D%3D.3-ccb7-5&oh=00_Af_eJyx6u1nzqwvjc4_JajMgIR0bRb2GC0GCR1UWnIbLFA&oe=6A3D6462&_nc_sid=d885a2"", ""https://instagram.fraj8-1.fna.fbcdn.net/v/t51.82787-15/518317338_17927036352091497_7545615616806070170_n.jpg?stp=dst-jpg_e15_fr_p1080x1080_tt6&_nc_ht=instagram.fraj8-1.fna.fbcdn.net&_nc_cat=109&_nc_oc=Q6cZ2gH_QRgKcvM4LMylnD17a9s9SqcwVoUj_qWyvVyZTBvbZ8qdnpkl2jB7c0EWRse99PkR7fm-2c38eH7DjIIQWkwV&_nc_ohc=_t4BBiZxCa4Q7kNvwEhmR6S&_nc_gid=5G5BbYxDgevxmDCy060Y5g&edm=ANTKIIoBAAAA&ccb=7-5&ig_cache_key=MzY3NDQ1MjQ0ODI0Mzg0NDMxNA%3D%3D.3-ccb7-5&oh=00_Af-lJ8Fk7VKN6j-K9B2va5zi8iTJ9Stk4zhE_PRGv6Dx9Q&oe=6A3D6217&_nc_sid=d885a2""]}"
2026-06-21T07:20:23.057581,post,https://www.instagram.com/p/DL-RwxWoSVV/?igsh=NXkzaG91cHd2b3Bo,"{""success"": true, ""images"": [""https://instagram.fraj8-1.fna.fbcdn.net/v/t51.82787-15/517373626_17927036280091497_8614458627634445641_n.jpg?stp=dst-jpg_e15_fr_p1080x1080_tt6&_nc_ht=instagram.fraj8-1.fna.fbcdn.net&_nc_cat=109&_nc_oc=Q6cZ2gH_QRgKcvM4LMylnD17a9s9SqcwVoUj_qWyvVyZTBvbZ8qdnpkl2jB7c0EWRse99PkR7fm-2c38eH7DjIIQWkwV&_nc_ohc=0qw4Hie__Z0Q7kNvwERo-zH&_nc_gid=5G5BbYxDgevxmDCy060Y5g&edm=ANTKIIoBAAAA&ccb=7-5&ig_cache_key=MzY3NDQ1MjQ0ODUyODkxNzQzMQ%3D%3D.3-ccb7-5&oh=00_Af-8C61UScpMK5fkxm9JGz085ZmMKZA6Br4QSBWqCti8mA&oe=6A3D67CA&_nc_sid=d885a2"", ""https://instagram.fraj8-1.fna.fbcdn.net/v/t51.82787-15/518040030_17927036289091497_5943998199231305918_n.jpg?stp=dst-jpg_e15_fr_p1080x1080_tt6&_nc_ht=instagram.fraj8-1.fna.fbcdn.net&_nc_cat=109&_nc_oc=Q6cZ2gH_QRgKcvM4LMylnD17a9s9SqcwVoUj_qWyvVyZTBvbZ8qdnpkl2jB7c0EWRse99PkR7fm-2c38eH7DjIIQWkwV&_nc_ohc=MYwi1wapfGYQ7kNvwEd2nbH&_nc_gid=5G5BbYxDgevxmDCy060Y5g&edm=ANTKIIoBAAAA&ccb=7-5&ig_cache_key=MzY3NDQ1MjQ0ODI5NDE4NDU4MQ%3D%3D.3-ccb7-5&oh=00_Af_XrWk5ZBzIcZ5wf4NB_UMeOuMzE5uUhSPtp2dFAQUrHw&oe=6A3D52DB&_nc_sid=d885a2"", ""https://instagram.fraj8-1.fna.fbcdn.net/v/t51.82787-15/517894048_17927036298091497_5553499307280189290_n.jpg?stp=dst-jpg_e15_fr_p1080x1080_tt6&_nc_ht=instagram.fraj8-1.fna.fbcdn.net&_nc_cat=109&_nc_oc=Q6cZ2gH_QRgKcvM4LMylnD17a9s9SqcwVoUj_qWyvVyZTBvbZ8qdnpkl2jB7c0EWRse99PkR7fm-2c38eH7DjIIQWkwV&_nc_ohc=rLsHlRsx6qoQ7kNvwE9OKj1&_nc_gid=5G5BbYxDgevxmDCy060Y5g&edm=ANTKIIoBAAAA&ccb=7-5&ig_cache_key=MzY3NDQ1MjQ0ODIyNjg5MzAzMQ%3D%3D.3-ccb7-5&oh=00_Af_FpBXL8SJemImCy74G723ohMOCwpQt_WLjgh6gVrrGwg&oe=6A3D5524&_nc_sid=d885a2"", ""https://instagram.fraj8-1.fna.fbcdn.net/v/t51.82787-15/516799916_17927036307091497_4428315980411081440_n.jpg?stp=dst-jpg_e15_fr_p1080x1080_tt6&_nc_ht=instagram.fraj8-1.fna.fbcdn.net&_nc_cat=109&_nc_oc=Q6cZ2gH_QRgKcvM4LMylnD17a9s9SqcwVoUj_qWyvVyZTBvbZ8qdnpkl2jB7c0EWRse99PkR7fm-2c38eH7DjIIQWkwV&_nc_ohc=wXZXRNmVDh4Q7kNvwHP44ak&_nc_gid=5G5BbYxDgevxmDCy060Y5g&edm=ANTKIIoBAAAA&ccb=7-5&ig_cache_key=MzY3NDQ1MjQ0ODI0MzgyMzQ5Mw%3D%3D.3-ccb7-5&oh=00_Af94UC4bkNogvLby_snQ_MjRsPkK5PbIIE3urzILBf6MOg&oe=6A3D6E2D&_nc_sid=d885a2"", ""https://instagram.fraj8-1.fna.fbcdn.net/v/t51.82787-15/518113255_17927036316091497_6597319522533269732_n.jpg?stp=dst-jpg_e15_fr_p1080x1080_tt6&_nc_ht=instagram.fraj8-1.fna.fbcdn.net&_nc_cat=109&_nc_oc=Q6cZ2gH_QRgKcvM4LMylnD17a9s9SqcwVoUj_qWyvVyZTBvbZ8qdnpkl2jB7c0EWRse99PkR7fm-2c38eH7DjIIQWkwV&_nc_ohc=jdjxzX-JEn4Q7kNvwFaaF3U&_nc_gid=5G5BbYxDgevxmDCy060Y5g&edm=ANTKIIoBAAAA&ccb=7-5&ig_cache_key=MzY3NDQ1MjQ0ODIxODY1MTkxOQ%3D%3D.3-ccb7-5&oh=00_Af94GE9ZraRVFEdng2-9cZbpThxJ3EOa2mk0spnQrkVoGg&oe=6A3D5584&_nc_sid=d885a2"", ""https://instagram.fraj8-1.fna.fbcdn.net/v/t51.82787-15/518644649_17927036325091497_2179789078678908187_n.jpg?stp=dst-jpg_e15_fr_p1080x1080_tt6&_nc_ht=instagram.fraj8-1.fna.fbcdn.net&_nc_cat=109&_nc_oc=Q6cZ2gH_QRgKcvM4LMylnD17a9s9SqcwVoUj_qWyvVyZTBvbZ8qdnpkl2jB7c0EWRse99PkR7fm-2c38eH7DjIIQWkwV&_nc_ohc=kkl8VN_kdpoQ7kNvwG1aP17&_nc_gid=5G5BbYxDgevxmDCy060Y5g&edm=ANTKIIoBAAAA&ccb=7-5&ig_cache_key=MzY3NDQ1MjQ0ODIyNjk4NDMzMw%3D%3D.3-ccb7-5&oh=00_Af-QDgrqZYV7tW3cXImuA_t8UPhhzXeJ-_gLF1IhdgTZjQ&oe=6A3D59FB&_nc_sid=d885a2"", ""https://instagram.fraj8-1.fna.fbcdn.net/v/t51.82787-15/518561659_17927036334091497_7809740867418535989_n.jpg?stp=dst-jpg_e15_fr_p1080x1080_tt6&_nc_ht=instagram.fraj8-1.fna.fbcdn.net&_nc_cat=109&_nc_oc=Q6cZ2gH_QRgKcvM4LMylnD17a9s9SqcwVoUj_qWyvVyZTBvbZ8qdnpkl2jB7c0EWRse99PkR7fm-2c38eH7DjIIQWkwV&_nc_ohc=Vu2Mljnmr2YQ7kNvwEB-cs4&_nc_gid=5G5BbYxDgevxmDCy060Y5g&edm=ANTKIIoBAAAA&ccb=7-5&ig_cache_key=MzY3NDQ1MjQ0ODIyNjkxMjczNA%3D%3D.3-ccb7-5&oh=00_Af-iphn0m2hFhjaJg660dDcM2nv0lnxvDNuI89kwT6J8rQ&oe=6A3D6EE7&_nc_sid=d885a2"", ""https://instagram.fraj8-1.fna.fbcdn.net/v/t51.82787-15/517387922_17927036349091497_6721437203519599917_n.jpg?stp=dst-jpg_e15_fr_p1080x1080_tt6&_nc_ht=instagram.fraj8-1.fna.fbcdn.net&_nc_cat=109&_nc_oc=Q6cZ2gH_QRgKcvM4LMylnD17a9s9SqcwVoUj_qWyvVyZTBvbZ8qdnpkl2jB7c0EWRse99PkR7fm-2c38eH7DjIIQWkwV&_nc_ohc=9n9mtzZHS3cQ7kNvwEqOLJX&_nc_gid=5G5BbYxDgevxmDCy060Y5g&edm=ANTKIIoBAAAA&ccb=7-5&ig_cache_key=MzY3NDQ1MjQ0ODI0MzY3MzM3Nw%3D%3D.3-ccb7-5&oh=00_Af_eJyx6u1nzqwvjc4_JajMgIR0bRb2GC0GCR1UWnIbLFA&oe=6A3D6462&_nc_sid=d885a2"", ""https://instagram.fraj8-1.fna.fbcdn.net/v/t51.82787-15/518317338_17927036352091497_7545615616806070170_n.jpg?stp=dst-jpg_e15_fr_p1080x1080_tt6&_nc_ht=instagram.fraj8-1.fna.fbcdn.net&_nc_cat=109&_nc_oc=Q6cZ2gH_QRgKcvM4LMylnD17a9s9SqcwVoUj_qWyvVyZTBvbZ8qdnpkl2jB7c0EWRse99PkR7fm-2c38eH7DjIIQWkwV&_nc_ohc=_t4BBiZxCa4Q7kNvwEhmR6S&_nc_gid=5G5BbYxDgevxmDCy060Y5g&edm=ANTKIIoBAAAA&ccb=7-5&ig_cache_key=MzY3NDQ1MjQ0ODI0Mzg0NDMxNA%3D%3D.3-ccb7-5&oh=00_Af-lJ8Fk7VKN6j-K9B2va5zi8iTJ9Stk4zhE_PRGv6Dx9Q&oe=6A3D6217&_nc_sid=d885a2""]}"
2026-06-21T07:24:27.408670,post,https://www.instagram.com/p/DL-RwxWoSVV/?igsh=NXkzaG91cHd2b3Bo,"{""success"": true, ""images"": [""https://instagram.fraj8-1.fna.fbcdn.net/v/t51.82787-15/517373626_17927036280091497_8614458627634445641_n.jpg?stp=dst-jpg_e15_fr_p1080x1080_tt6&_nc_ht=instagram.fraj8-1.fna.fbcdn.net&_nc_cat=109&_nc_oc=Q6cZ2gGXg55axXxOh6JLuZbxTKvRElRjUWC08q0YZ697jl2oyi01kxLKthiEMZC-aSXynOiOJ5gHfiWGDG5yUBJOhK3o&_nc_ohc=0qw4Hie__Z0Q7kNvwERo-zH&_nc_gid=dyjFA-WvXmR0evzk2xgljA&edm=ANTKIIoBAAAA&ccb=7-5&ig_cache_key=MzY3NDQ1MjQ0ODUyODkxNzQzMQ%3D%3D.3-ccb7-5&oh=00_Af-4cNsLJ23r9g70r-dbNi2vIJt6dPKB6OwUf4aSrFVXig&oe=6A3D67CA&_nc_sid=d885a2"", ""https://instagram.fraj8-1.fna.fbcdn.net/v/t51.82787-15/518040030_17927036289091497_5943998199231305918_n.jpg?stp=dst-jpg_e15_fr_p1080x1080_tt6&_nc_ht=instagram.fraj8-1.fna.fbcdn.net&_nc_cat=109&_nc_oc=Q6cZ2gGXg55axXxOh6JLuZbxTKvRElRjUWC08q0YZ697jl2oyi01kxLKthiEMZC-aSXynOiOJ5gHfiWGDG5yUBJOhK3o&_nc_ohc=MYwi1wapfGYQ7kNvwEd2nbH&_nc_gid=dyjFA-WvXmR0evzk2xgljA&edm=ANTKIIoBAAAA&ccb=7-5&ig_cache_key=MzY3NDQ1MjQ0ODI5NDE4NDU4MQ%3D%3D.3-ccb7-5&oh=00_Af-0yVA9qmZ0ZRrRxDPH3pFzUtNczJqSc5vasIqBakB4Mg&oe=6A3D52DB&_nc_sid=d885a2"", ""https://instagram.fraj8-1.fna.fbcdn.net/v/t51.82787-15/517894048_17927036298091497_5553499307280189290_n.jpg?stp=dst-jpg_e15_fr_p1080x1080_tt6&_nc_ht=instagram.fraj8-1.fna.fbcdn.net&_nc_cat=109&_nc_oc=Q6cZ2gGXg55axXxOh6JLuZbxTKvRElRjUWC08q0YZ697jl2oyi01kxLKthiEMZC-aSXynOiOJ5gHfiWGDG5yUBJOhK3o&_nc_ohc=rLsHlRsx6qoQ7kNvwE9OKj1&_nc_gid=dyjFA-WvXmR0evzk2xgljA&edm=ANTKIIoBAAAA&ccb=7-5&ig_cache_key=MzY3NDQ1MjQ0ODIyNjg5MzAzMQ%3D%3D.3-ccb7-5&oh=00_Af9Ah3ZRSV9O4G5vOHq30Q560TNZHTyDDRDVoCGoOaz0HA&oe=6A3D5524&_nc_sid=d885a2"", ""https://instagram.fraj8-1.fna.fbcdn.net/v/t51.82787-15/516799916_17927036307091497_4428315980411081440_n.jpg?stp=dst-jpg_e15_fr_p1080x1080_tt6&_nc_ht=instagram.fraj8-1.fna.fbcdn.net&_nc_cat=109&_nc_oc=Q6cZ2gGXg55axXxOh6JLuZbxTKvRElRjUWC08q0YZ697jl2oyi01kxLKthiEMZC-aSXynOiOJ5gHfiWGDG5yUBJOhK3o&_nc_ohc=wXZXRNmVDh4Q7kNvwHP44ak&_nc_gid=dyjFA-WvXmR0evzk2xgljA&edm=ANTKIIoBAAAA&ccb=7-5&ig_cache_key=MzY3NDQ1MjQ0ODI0MzgyMzQ5Mw%3D%3D.3-ccb7-5&oh=00_Af-Bf8V5Gq3A766ThmvdAa8dvLJph84a3zcAW1xUDwKyAw&oe=6A3D6E2D&_nc_sid=d885a2"", ""https://instagram.fraj8-1.fna.fbcdn.net/v/t51.82787-15/518113255_17927036316091497_6597319522533269732_n.jpg?stp=dst-jpg_e15_fr_p1080x1080_tt6&_nc_ht=instagram.fraj8-1.fna.fbcdn.net&_nc_cat=109&_nc_oc=Q6cZ2gGXg55axXxOh6JLuZbxTKvRElRjUWC08q0YZ697jl2oyi01kxLKthiEMZC-aSXynOiOJ5gHfiWGDG5yUBJOhK3o&_nc_ohc=jdjxzX-JEn4Q7kNvwFaaF3U&_nc_gid=dyjFA-WvXmR0evzk2xgljA&edm=ANTKIIoBAAAA&ccb=7-5&ig_cache_key=MzY3NDQ1MjQ0ODIxODY1MTkxOQ%3D%3D.3-ccb7-5&oh=00_Af8Vk9wTzKEHf2qKRbC8rS6R-m7uW2eJ9pR0Y_LK9c8gMg&oe=6A3D5584&_nc_sid=d885a2"", ""https://instagram.fraj8-1.fna.fbcdn.net/v/t51.82787-15/518644649_17927036325091497_2179789078678908187_n.jpg?stp=dst-jpg_e15_fr_p1080x1080_tt6&_nc_ht=instagram.fraj8-1.fna.fbcdn.net&_nc_cat=109&_nc_oc=Q6cZ2gGXg55axXxOh6JLuZbxTKvRElRjUWC08q0YZ697jl2oyi01kxLKthiEMZC-aSXynOiOJ5gHfiWGDG5yUBJOhK3o&_nc_ohc=kkl8VN_kdpoQ7kNvwG1aP17&_nc_gid=dyjFA-WvXmR0evzk2xgljA&edm=ANTKIIoBAAAA&ccb=7-5&ig_cache_key=MzY3NDQ1MjQ0ODIyNjk4NDMzMw%3D%3D.3-ccb7-5&oh=00_Af_jeJpQ1y5eWXNaav0cHUjiBILtreSEr7ZkgeUqNvbHXA&oe=6A3D59FB&_nc_sid=d885a2"", ""https://instagram.fraj8-1.fna.fbcdn.net/v/t51.82787-15/518561659_17927036334091497_7809740867418535989_n.jpg?stp=dst-jpg_e15_fr_p1080x1080_tt6&_nc_ht=instagram.fraj8-1.fna.fbcdn.net&_nc_cat=109&_nc_oc=Q6cZ2gGXg55axXxOh6JLuZbxTKvRElRjUWC08q0YZ697jl2oyi01kxLKthiEMZC-aSXynOiOJ5gHfiWGDG5yUBJOhK3o&_nc_ohc=Vu2Mljnmr2YQ7kNvwEB-cs4&_nc_gid=dyjFA-WvXmR0evzk2xgljA&edm=ANTKIIoBAAAA&ccb=7-5&ig_cache_key=MzY3NDQ1MjQ0ODIyNjkxMjczNA%3D%3D.3-ccb7-5&oh=00_Af-1nnCjIahW3VpH8JEHdX4W4by0LDS6mOR4YvC2acI0cA&oe=6A3D6EE7&_nc_sid=d885a2"", ""https://instagram.fraj8-1.fna.fbcdn.net/v/t51.82787-15/517387922_17927036349091497_6721437203519599917_n.jpg?stp=dst-jpg_e15_fr_p1080x1080_tt6&_nc_ht=instagram.fraj8-1.fna.fbcdn.net&_nc_cat=109&_nc_oc=Q6cZ2gGXg55axXxOh6JLuZbxTKvRElRjUWC08q0YZ697jl2oyi01kxLKthiEMZC-aSXynOiOJ5gHfiWGDG5yUBJOhK3o&_nc_ohc=9n9mtzZHS3cQ7kNvwEqOLJX&_nc_gid=dyjFA-WvXmR0evzk2xgljA&edm=ANTKIIoBAAAA&ccb=7-5&ig_cache_key=MzY3NDQ1MjQ0ODI0MzY3MzM3Nw%3D%3D.3-ccb7-5&oh=00_Af_N1-KVGt9dnsWoYlJBTmDD_RrMQLApVx9NaemoY-O0Gw&oe=6A3D6462&_nc_sid=d885a2"", ""https://instagram.fraj8-1.fna.fbcdn.net/v/t51.82787-15/518317338_17927036352091497_7545615616806070170_n.jpg?stp=dst-jpg_e15_fr_p1080x1080_tt6&_nc_ht=instagram.fraj8-1.fna.fbcdn.net&_nc_cat=109&_nc_oc=Q6cZ2gGXg55axXxOh6JLuZbxTKvRElRjUWC08q0YZ697jl2oyi01kxLKthiEMZC-aSXynOiOJ5gHfiWGDG5yUBJOhK3o&_nc_ohc=_t4BBiZxCa4Q7kNvwEhmR6S&_nc_gid=dyjFA-WvXmR0evzk2xgljA&edm=ANTKIIoBAAAA&ccb=7-5&ig_cache_key=MzY3NDQ1MjQ0ODI0Mzg0NDMxNA%3D%3D.3-ccb7-5&oh=00_Af95pGUIlQ9vWcvNIK0t6zcv2MvzNGEJVC3dOViHHnKOUQ&oe=6A3D6217&_nc_sid=d885a2""]}"
2026-06-21T07:28:42.470823,post,https://www.instagram.com/p/DL-RwxWoSVV/?igsh=NXkzaG91cHd2b3Bo,"{""success"": true, ""images"": [""https://instagram.fraj8-1.fna.fbcdn.net/v/t51.82787-15/517373626_17927036280091497_8614458627634445641_n.jpg?stp=dst-jpg_e15_fr_p1080x1080_tt6&_nc_ht=instagram.fraj8-1.fna.fbcdn.net&_nc_cat=109&_nc_oc=Q6cZ2gGn5qexOLr4VItw4RxqmTTBxCDXSRKONq3iGr_XMOWgbzxHPw9VpzjSsiyl1fe5vRKf5okN3iE3HLcpqw72KSWl&_nc_ohc=0qw4Hie__Z0Q7kNvwERo-zH&_nc_gid=fTAcfbDANXpLSs7yG3nmBg&edm=ANTKIIoBAAAA&ccb=7-5&ig_cache_key=MzY3NDQ1MjQ0ODUyODkxNzQzMQ%3D%3D.3-ccb7-5&oh=00_Af_wLOiAjUnOw1aOsAXCJq_XW5M8fFaapSSWo9T5IIWfPw&oe=6A3D67CA&_nc_sid=d885a2"", ""https://instagram.fraj8-1.fna.fbcdn.net/v/t51.82787-15/518040030_17927036289091497_5943998199231305918_n.jpg?stp=dst-jpg_e15_fr_p1080x1080_tt6&_nc_ht=instagram.fraj8-1.fna.fbcdn.net&_nc_cat=109&_nc_oc=Q6cZ2gGn5qexOLr4VItw4RxqmTTBxCDXSRKONq3iGr_XMOWgbzxHPw9VpzjSsiyl1fe5vRKf5okN3iE3HLcpqw72KSWl&_nc_ohc=MYwi1wapfGYQ7kNvwEd2nbH&_nc_gid=fTAcfbDANXpLSs7yG3nmBg&edm=ANTKIIoBAAAA&ccb=7-5&ig_cache_key=MzY3NDQ1MjQ0ODI5NDE4NDU4MQ%3D%3D.3-ccb7-5&oh=00_Af9ChG6VJ_0D1dtDEorhbP922vy9kptRu4qjYcVnwlXTXg&oe=6A3D52DB&_nc_sid=d885a2"", ""https://instagram.fraj8-1.fna.fbcdn.net/v/t51.82787-15/517894048_17927036298091497_5553499307280189290_n.jpg?stp=dst-jpg_e15_fr_p1080x1080_tt6&_nc_ht=instagram.fraj8-1.fna.fbcdn.net&_nc_cat=109&_nc_oc=Q6cZ2gGn5qexOLr4VItw4RxqmTTBxCDXSRKONq3iGr_XMOWgbzxHPw9VpzjSsiyl1fe5vRKf5okN3iE3HLcpqw72KSWl&_nc_ohc=rLsHlRsx6qoQ7kNvwE9OKj1&_nc_gid=fTAcfbDANXpLSs7yG3nmBg&edm=ANTKIIoBAAAA&ccb=7-5&ig_cache_key=MzY3NDQ1MjQ0ODIyNjg5MzAzMQ%3D%3D.3-ccb7-5&oh=00_Af-sKZLY78nSHfLeNiLJqS2hMiWy6SQOHLosW1rqSNeT3Q&oe=6A3D5524&_nc_sid=d885a2"", ""https://instagram.fraj8-1.fna.fbcdn.net/v/t51.82787-15/516799916_17927036307091497_4428315980411081440_n.jpg?stp=dst-jpg_e15_fr_p1080x1080_tt6&_nc_ht=instagram.fraj8-1.fna.fbcdn.net&_nc_cat=109&_nc_oc=Q6cZ2gGn5qexOLr4VItw4RxqmTTBxCDXSRKONq3iGr_XMOWgbzxHPw9VpzjSsiyl1fe5vRKf5okN3iE3HLcpqw72KSWl&_nc_ohc=wXZXRNmVDh4Q7kNvwHP44ak&_nc_gid=fTAcfbDANXpLSs7yG3nmBg&edm=ANTKIIoBAAAA&ccb=7-5&ig_cache_key=MzY3NDQ1MjQ0ODI0MzgyMzQ5Mw%3D%3D.3-ccb7-5&oh=00_Af9JEnVa6FS4oKZrDu1p41_a0ZPJnK-_MFacJ5mpSEuqfQ&oe=6A3D6E2D&_nc_sid=d885a2"", ""https://instagram.fraj8-1.fna.fbcdn.net/v/t51.82787-15/518113255_17927036316091497_6597319522533269732_n.jpg?stp=dst-jpg_e15_fr_p1080x1080_tt6&_nc_ht=instagram.fraj8-1.fna.fbcdn.net&_nc_cat=109&_nc_oc=Q6cZ2gGn5qexOLr4VItw4RxqmTTBxCDXSRKONq3iGr_XMOWgbzxHPw9VpzjSsiyl1fe5vRKf5okN3iE3HLcpqw72KSWl&_nc_ohc=jdjxzX-JEn4Q7kNvwFaaF3U&_nc_gid=fTAcfbDANXpLSs7yG3nmBg&edm=ANTKIIoBAAAA&ccb=7-5&ig_cache_key=MzY3NDQ1MjQ0ODIxODY1MTkxOQ%3D%3D.3-ccb7-5&oh=00_Af_1pSCE7Nnt7qs-4X__-f8TMmEqA1QJ7nuHa1_KZFaLaQ&oe=6A3D5584&_nc_sid=d885a2"", ""https://instagram.fraj8-1.fna.fbcdn.net/v/t51.82787-15/518644649_17927036325091497_2179789078678908187_n.jpg?stp=dst-jpg_e15_fr_p1080x1080_tt6&_nc_ht=instagram.fraj8-1.fna.fbcdn.net&_nc_cat=109&_nc_oc=Q6cZ2gGn5qexOLr4VItw4RxqmTTBxCDXSRKONq3iGr_XMOWgbzxHPw9VpzjSsiyl1fe5vRKf5okN3iE3HLcpqw72KSWl&_nc_ohc=kkl8VN_kdpoQ7kNvwG1aP17&_nc_gid=fTAcfbDANXpLSs7yG3nmBg&edm=ANTKIIoBAAAA&ccb=7-5&ig_cache_key=MzY3NDQ1MjQ0ODIyNjk4NDMzMw%3D%3D.3-ccb7-5&oh=00_Af96sWhOSdYPODZ4sTAkoUMCBT9HvFjD8ltLXd8h8o38Ew&oe=6A3D59FB&_nc_sid=d885a2"", ""https://instagram.fraj8-1.fna.fbcdn.net/v/t51.82787-15/518561659_17927036334091497_7809740867418535989_n.jpg?stp=dst-jpg_e15_fr_p1080x1080_tt6&_nc_ht=instagram.fraj8-1.fna.fbcdn.net&_nc_cat=109&_nc_oc=Q6cZ2gGn5qexOLr4VItw4RxqmTTBxCDXSRKONq3iGr_XMOWgbzxHPw9VpzjSsiyl1fe5vRKf5okN3iE3HLcpqw72KSWl&_nc_ohc=Vu2Mljnmr2YQ7kNvwEB-cs4&_nc_gid=fTAcfbDANXpLSs7yG3nmBg&edm=ANTKIIoBAAAA&ccb=7-5&ig_cache_key=MzY3NDQ1MjQ0ODIyNjkxMjczNA%3D%3D.3-ccb7-5&oh=00_Af8JIdGUsin5jC9DcUK2mL0oklSjIbr3sAdnz0ZQN7t3Og&oe=6A3D6EE7&_nc_sid=d885a2"", ""https://instagram.fraj8-1.fna.fbcdn.net/v/t51.82787-15/517387922_17927036349091497_6721437203519599917_n.jpg?stp=dst-jpg_e15_fr_p1080x1080_tt6&_nc_ht=instagram.fraj8-1.fna.fbcdn.net&_nc_cat=109&_nc_oc=Q6cZ2gGn5qexOLr4VItw4RxqmTTBxCDXSRKONq3iGr_XMOWgbzxHPw9VpzjSsiyl1fe5vRKf5okN3iE3HLcpqw72KSWl&_nc_ohc=9n9mtzZHS3cQ7kNvwEqOLJX&_nc_gid=fTAcfbDANXpLSs7yG3nmBg&edm=ANTKIIoBAAAA&ccb=7-5&ig_cache_key=MzY3NDQ1MjQ0ODI0MzY3MzM3Nw%3D%3D.3-ccb7-5&oh=00_Af-bamGr-J6ncAex236iROwbbv4qCT0RR-BKa-YxpCBVuw&oe=6A3D6462&_nc_sid=d885a2"", ""https://instagram.fraj8-1.fna.fbcdn.net/v/t51.82787-15/518317338_17927036352091497_7545615616806070170_n.jpg?stp=dst-jpg_e15_fr_p1080x1080_tt6&_nc_ht=instagram.fraj8-1.fna.fbcdn.net&_nc_cat=109&_nc_oc=Q6cZ2gGn5qexOLr4VItw4RxqmTTBxCDXSRKONq3iGr_XMOWgbzxHPw9VpzjSsiyl1fe5vRKf5okN3iE3HLcpqw72KSWl&_nc_ohc=_t4BBiZxCa4Q7kNvwEhmR6S&_nc_gid=fTAcfbDANXpLSs7yG3nmBg&edm=ANTKIIoBAAAA&ccb=7-5&ig_cache_key=MzY3NDQ1MjQ0ODI0Mzg0NDMxNA%3D%3D.3-ccb7-5&oh=00_Af8uMgx_RsDS8dlk44RS53W7RvXRN1G-lsVc_49_ZxXcjA&oe=6A3D6217&_nc_sid=d885a2""]}"
2026-06-21T07:32:46.557045,post,https://www.instagram.com/p/DL-RwxWoSVV/?igsh=NXkzaG91cHd2b3Bo,"{""success"": true, ""images"": [""https://instagram.fraj8-1.fna.fbcdn.net/v/t51.82787-15/517373626_17927036280091497_8614458627634445641_n.jpg?stp=dst-jpg_e15_fr_p1080x1080_tt6&_nc_ht=instagram.fraj8-1.fna.fbcdn.net&_nc_cat=109&_nc_oc=Q6cZ2gGn5qexOLr4VItw4RxqmTTBxCDXSRKONq3iGr_XMOWgbzxHPw9VpzjSsiyl1fe5vRKf5okN3iE3HLcpqw72KSWl&_nc_ohc=0qw4Hie__Z0Q7kNvwERo-zH&_nc_gid=fTAcfbDANXpLSs7yG3nmBg&edm=ANTKIIoBAAAA&ccb=7-5&ig_cache_key=MzY3NDQ1MjQ0ODUyODkxNzQzMQ%3D%3D.3-ccb7-5&oh=00_Af_wLOiAjUnOw1aOsAXCJq_XW5M8fFaapSSWo9T5IIWfPw&oe=6A3D67CA&_nc_sid=d885a2"", ""https://instagram.fraj8-1.fna.fbcdn.net/v/t51.82787-15/518040030_17927036289091497_5943998199231305918_n.jpg?stp=dst-jpg_e15_fr_p1080x1080_tt6&_nc_ht=instagram.fraj8-1.fna.fbcdn.net&_nc_cat=109&_nc_oc=Q6cZ2gGn5qexOLr4VItw4RxqmTTBxCDXSRKONq3iGr_XMOWgbzxHPw9VpzjSsiyl1fe5vRKf5okN3iE3HLcpqw72KSWl&_nc_ohc=MYwi1wapfGYQ7kNvwEd2nbH&_nc_gid=fTAcfbDANXpLSs7yG3nmBg&edm=ANTKIIoBAAAA&ccb=7-5&ig_cache_key=MzY3NDQ1MjQ0ODI5NDE4NDU4MQ%3D%3D.3-ccb7-5&oh=00_Af9ChG6VJ_0D1dtDEorhbP922vy9kptRu4qjYcVnwlXTXg&oe=6A3D52DB&_nc_sid=d885a2"", ""https://instagram.fraj8-1.fna.fbcdn.net/v/t51.82787-15/517894048_17927036298091497_5553499307280189290_n.jpg?stp=dst-jpg_e15_fr_p1080x1080_tt6&_nc_ht=instagram.fraj8-1.fna.fbcdn.net&_nc_cat=109&_nc_oc=Q6cZ2gGn5qexOLr4VItw4RxqmTTBxCDXSRKONq3iGr_XMOWgbzxHPw9VpzjSsiyl1fe5vRKf5okN3iE3HLcpqw72KSWl&_nc_ohc=rLsHlRsx6qoQ7kNvwE9OKj1&_nc_gid=fTAcfbDANXpLSs7yG3nmBg&edm=ANTKIIoBAAAA&ccb=7-5&ig_cache_key=MzY3NDQ1MjQ0ODIyNjg5MzAzMQ%3D%3D.3-ccb7-5&oh=00_Af-sKZLY78nSHfLeNiLJqS2hMiWy6SQOHLosW1rqSNeT3Q&oe=6A3D5524&_nc_sid=d885a2"", ""https://instagram.fraj8-1.fna.fbcdn.net/v/t51.82787-15/516799916_17927036307091497_4428315980411081440_n.jpg?stp=dst-jpg_e15_fr_p1080x1080_tt6&_nc_ht=instagram.fraj8-1.fna.fbcdn.net&_nc_cat=109&_nc_oc=Q6cZ2gGn5qexOLr4VItw4RxqmTTBxCDXSRKONq3iGr_XMOWgbzxHPw9VpzjSsiyl1fe5vRKf5okN3iE3HLcpqw72KSWl&_nc_ohc=wXZXRNmVDh4Q7kNvwHP44ak&_nc_gid=fTAcfbDANXpLSs7yG3nmBg&edm=ANTKIIoBAAAA&ccb=7-5&ig_cache_key=MzY3NDQ1MjQ0ODI0MzgyMzQ5Mw%3D%3D.3-ccb7-5&oh=00_Af9JEnVa6FS4oKZrDu1p41_a0ZPJnK-_MFacJ5mpSEuqfQ&oe=6A3D6E2D&_nc_sid=d885a2"", ""https://instagram.fraj8-1.fna.fbcdn.net/v/t51.82787-15/518113255_17927036316091497_6597319522533269732_n.jpg?stp=dst-jpg_e15_fr_p1080x1080_tt6&_nc_ht=instagram.fraj8-1.fna.fbcdn.net&_nc_cat=109&_nc_oc=Q6cZ2gGn5qexOLr4VItw4RxqmTTBxCDXSRKONq3iGr_XMOWgbzxHPw9VpzjSsiyl1fe5vRKf5okN3iE3HLcpqw72KSWl&_nc_ohc=jdjxzX-JEn4Q7kNvwFaaF3U&_nc_gid=fTAcfbDANXpLSs7yG3nmBg&edm=ANTKIIoBAAAA&ccb=7-5&ig_cache_key=MzY3NDQ1MjQ0ODIxODY1MTkxOQ%3D%3D.3-ccb7-5&oh=00_Af_1pSCE7Nnt7qs-4X__-f8TMmEqA1QJ7nuHa1_KZFaLaQ&oe=6A3D5584&_nc_sid=d885a2"", ""https://instagram.fraj8-1.fna.fbcdn.net/v/t51.82787-15/518644649_17927036325091497_2179789078678908187_n.jpg?stp=dst-jpg_e15_fr_p1080x1080_tt6&_nc_ht=instagram.fraj8-1.fna.fbcdn.net&_nc_cat=109&_nc_oc=Q6cZ2gGn5qexOLr4VItw4RxqmTTBxCDXSRKONq3iGr_XMOWgbzxHPw9VpzjSsiyl1fe5vRKf5okN3iE3HLcpqw72KSWl&_nc_ohc=kkl8VN_kdpoQ7kNvwG1aP17&_nc_gid=fTAcfbDANXpLSs7yG3nmBg&edm=ANTKIIoBAAAA&ccb=7-5&ig_cache_key=MzY3NDQ1MjQ0ODIyNjk4NDMzMw%3D%3D.3-ccb7-5&oh=00_Af96sWhOSdYPODZ4sTAkoUMCBT9HvFjD8ltLXd8h8o38Ew&oe=6A3D59FB&_nc_sid=d885a2"", ""https://instagram.fraj8-1.fna.fbcdn.net/v/t51.82787-15/518561659_17927036334091497_7809740867418535989_n.jpg?stp=dst-jpg_e15_fr_p1080x1080_tt6&_nc_ht=instagram.fraj8-1.fna.fbcdn.net&_nc_cat=109&_nc_oc=Q6cZ2gGn5qexOLr4VItw4RxqmTTBxCDXSRKONq3iGr_XMOWgbzxHPw9VpzjSsiyl1fe5vRKf5okN3iE3HLcpqw72KSWl&_nc_ohc=Vu2Mljnmr2YQ7kNvwEB-cs4&_nc_gid=fTAcfbDANXpLSs7yG3nmBg&edm=ANTKIIoBAAAA&ccb=7-5&ig_cache_key=MzY3NDQ1MjQ0ODIyNjkxMjczNA%3D%3D.3-ccb7-5&oh=00_Af8JIdGUsin5jC9DcUK2mL0oklSjIbr3sAdnz0ZQN7t3Og&oe=6A3D6EE7&_nc_sid=d885a2"", ""https://instagram.fraj8-1.fna.fbcdn.net/v/t51.82787-15/517387922_17927036349091497_6721437203519599917_n.jpg?stp=dst-jpg_e15_fr_p1080x1080_tt6&_nc_ht=instagram.fraj8-1.fna.fbcdn.net&_nc_cat=109&_nc_oc=Q6cZ2gGn5qexOLr4VItw4RxqmTTBxCDXSRKONq3iGr_XMOWgbzxHPw9VpzjSsiyl1fe5vRKf5okN3iE3HLcpqw72KSWl&_nc_ohc=9n9mtzZHS3cQ7kNvwEqOLJX&_nc_gid=fTAcfbDANXpLSs7yG3nmBg&edm=ANTKIIoBAAAA&ccb=7-5&ig_cache_key=MzY3NDQ1MjQ0ODI0MzY3MzM3Nw%3D%3D.3-ccb7-5&oh=00_Af-bamGr-J6ncAex236iROwbbv4qCT0RR-BKa-YxpCBVuw&oe=6A3D6462&_nc_sid=d885a2"", ""https://instagram.fraj8-1.fna.fbcdn.net/v/t51.82787-15/518317338_17927036352091497_7545615616806070170_n.jpg?stp=dst-jpg_e15_fr_p1080x1080_tt6&_nc_ht=instagram.fraj8-1.fna.fbcdn.net&_nc_cat=109&_nc_oc=Q6cZ2gGn5qexOLr4VItw4RxqmTTBxCDXSRKONq3iGr_XMOWgbzxHPw9VpzjSsiyl1fe5vRKf5okN3iE3HLcpqw72KSWl&_nc_ohc=_t4BBiZxCa4Q7kNvwEhmR6S&_nc_gid=fTAcfbDANXpLSs7yG3nmBg&edm=ANTKIIoBAAAA&ccb=7-5&ig_cache_key=MzY3NDQ1MjQ0ODI0Mzg0NDMxNA%3D%3D.3-ccb7-5&oh=00_Af8uMgx_RsDS8dlk44RS53W7RvXRN1G-lsVc_49_ZxXcjA&oe=6A3D6217&_nc_sid=d885a2""]}"
2026-06-21T07:36:20.217556,post,https://www.instagram.com/p/DL-RwxWoSVV/?igsh=NXkzaG91cHd2b3Bo,"{""success"": true, ""images"": [""https://instagram.fraj8-1.fna.fbcdn.net/v/t51.82787-15/517373626_17927036280091497_8614458627634445641_n.jpg?stp=dst-jpg_e15_fr_p1080x1080_tt6&_nc_ht=instagram.fraj8-1.fna.fbcdn.net&_nc_cat=109&_nc_oc=Q6cZ2gGIZyqoevutS9-7FRrYhbYEB3WNQ_1CIKWMwcb8_lAhUd9PwCvq1LSJCymQ5Zm6hJ1ZRQ3morVDGLiH-qfp2yqN&_nc_ohc=0qw4Hie__Z0Q7kNvwERo-zH&_nc_gid=ZCipW4R2hV-bwmEMW5SXNQ&edm=ANTKIIoBAAAA&ccb=7-5&ig_cache_key=MzY3NDQ1MjQ0ODUyODkxNzQzMQ%3D%3D.3-ccb7-5&oh=00_Af9APO_zxGWzmtPBUz-MdSgrSh_OoiiBlX3d5yDyPDerzw&oe=6A3D67CA&_nc_sid=d885a2"", ""https://instagram.fraj8-1.fna.fbcdn.net/v/t51.82787-15/518040030_17927036289091497_5943998199231305918_n.jpg?stp=dst-jpg_e15_fr_p1080x1080_tt6&_nc_ht=instagram.fraj8-1.fna.fbcdn.net&_nc_cat=109&_nc_oc=Q6cZ2gGIZyqoevutS9-7FRrYhbYEB3WNQ_1CIKWMwcb8_lAhUd9PwCvq1LSJCymQ5Zm6hJ1ZRQ3morVDGLiH-qfp2yqN&_nc_ohc=MYwi1wapfGYQ7kNvwEd2nbH&_nc_gid=ZCipW4R2hV-bwmEMW5SXNQ&edm=ANTKIIoBAAAA&ccb=7-5&ig_cache_key=MzY3NDQ1MjQ0ODI5NDE4NDU4MQ%3D%3D.3-ccb7-5&oh=00_Af-5wLRCV1Wm1-YfK5AYMRpNkVaIFwXLYty2E4jDNYLUsw&oe=6A3D52DB&_nc_sid=d885a2"", ""https://instagram.fraj8-1.fna.fbcdn.net/v/t51.82787-15/517894048_17927036298091497_5553499307280189290_n.jpg?stp=dst-jpg_e15_fr_p1080x1080_tt6&_nc_ht=instagram.fraj8-1.fna.fbcdn.net&_nc_cat=109&_nc_oc=Q6cZ2gGIZyqoevutS9-7FRrYhbYEB3WNQ_1CIKWMwcb8_lAhUd9PwCvq1LSJCymQ5Zm6hJ1ZRQ3morVDGLiH-qfp2yqN&_nc_ohc=rLsHlRsx6qoQ7kNvwE9OKj1&_nc_gid=ZCipW4R2hV-bwmEMW5SXNQ&edm=ANTKIIoBAAAA&ccb=7-5&ig_cache_key=MzY3NDQ1MjQ0ODIyNjg5MzAzMQ%3D%3D.3-ccb7-5&oh=00_Af9fhaKEV1ugmvnVdfMN0sRPhnpyrF11tQCDWtevpKLhAA&oe=6A3D5524&_nc_sid=d885a2"", ""https://instagram.fraj8-1.fna.fbcdn.net/v/t51.82787-15/516799916_17927036307091497_4428315980411081440_n.jpg?stp=dst-jpg_e15_fr_p1080x1080_tt6&_nc_ht=instagram.fraj8-1.fna.fbcdn.net&_nc_cat=109&_nc_oc=Q6cZ2gGIZyqoevutS9-7FRrYhbYEB3WNQ_1CIKWMwcb8_lAhUd9PwCvq1LSJCymQ5Zm6hJ1ZRQ3morVDGLiH-qfp2yqN&_nc_ohc=wXZXRNmVDh4Q7kNvwHP44ak&_nc_gid=ZCipW4R2hV-bwmEMW5SXNQ&edm=ANTKIIoBAAAA&ccb=7-5&ig_cache_key=MzY3NDQ1MjQ0ODI0MzgyMzQ5Mw%3D%3D.3-ccb7-5&oh=00_Af9e1ndMS-en0exKh3YPNTbh1iUEW2lpITRwGR4abh_C7A&oe=6A3D6E2D&_nc_sid=d885a2"", ""https://instagram.fraj8-1.fna.fbcdn.net/v/t51.82787-15/518113255_17927036316091497_6597319522533269732_n.jpg?stp=dst-jpg_e15_fr_p1080x1080_tt6&_nc_ht=instagram.fraj8-1.fna.fbcdn.net&_nc_cat=109&_nc_oc=Q6cZ2gGIZyqoevutS9-7FRrYhbYEB3WNQ_1CIKWMwcb8_lAhUd9PwCvq1LSJCymQ5Zm6hJ1ZRQ3morVDGLiH-qfp2yqN&_nc_ohc=jdjxzX-JEn4Q7kNvwFaaF3U&_nc_gid=ZCipW4R2hV-bwmEMW5SXNQ&edm=ANTKIIoBAAAA&ccb=7-5&ig_cache_key=MzY3NDQ1MjQ0ODIxODY1MTkxOQ%3D%3D.3-ccb7-5&oh=00_Af-0Oxbyq-g6jV-piA5Jv9yoMbdqLJws7QlLe5-mSKBXFA&oe=6A3D5584&_nc_sid=d885a2"", ""https://instagram.fraj8-1.fna.fbcdn.net/v/t51.82787-15/518644649_17927036325091497_2179789078678908187_n.jpg?stp=dst-jpg_e15_fr_p1080x1080_tt6&_nc_ht=instagram.fraj8-1.fna.fbcdn.net&_nc_cat=109&_nc_oc=Q6cZ2gGIZyqoevutS9-7FRrYhbYEB3WNQ_1CIKWMwcb8_lAhUd9PwCvq1LSJCymQ5Zm6hJ1ZRQ3morVDGLiH-qfp2yqN&_nc_ohc=kkl8VN_kdpoQ7kNvwG1aP17&_nc_gid=ZCipW4R2hV-bwmEMW5SXNQ&edm=ANTKIIoBAAAA&ccb=7-5&ig_cache_key=MzY3NDQ1MjQ0ODIyNjk4NDMzMw%3D%3D.3-ccb7-5&oh=00_Af_7KQl0WbfDxgTMg4BKLN-fMcWpMkjjGvqIsHH1r8GyRg&oe=6A3D59FB&_nc_sid=d885a2"", ""https://instagram.fraj8-1.fna.fbcdn.net/v/t51.82787-15/518561659_17927036334091497_7809740867418535989_n.jpg?stp=dst-jpg_e15_fr_p1080x1080_tt6&_nc_ht=instagram.fraj8-1.fna.fbcdn.net&_nc_cat=109&_nc_oc=Q6cZ2gGIZyqoevutS9-7FRrYhbYEB3WNQ_1CIKWMwcb8_lAhUd9PwCvq1LSJCymQ5Zm6hJ1ZRQ3morVDGLiH-qfp2yqN&_nc_ohc=Vu2Mljnmr2YQ7kNvwEB-cs4&_nc_gid=ZCipW4R2hV-bwmEMW5SXNQ&edm=ANTKIIoBAAAA&ccb=7-5&ig_cache_key=MzY3NDQ1MjQ0ODIyNjkxMjczNA%3D%3D.3-ccb7-5&oh=00_Af85JN0I-iIWcFa14MKA3eblOACuiTLW-z5nmzwx2PwGgg&oe=6A3D6EE7&_nc_sid=d885a2"", ""https://instagram.fraj8-1.fna.fbcdn.net/v/t51.82787-15/517387922_17927036349091497_6721437203519599917_n.jpg?stp=dst-jpg_e15_fr_p1080x1080_tt6&_nc_ht=instagram.fraj8-1.fna.fbcdn.net&_nc_cat=109&_nc_oc=Q6cZ2gGIZyqoevutS9-7FRrYhbYEB3WNQ_1CIKWMwcb8_lAhUd9PwCvq1LSJCymQ5Zm6hJ1ZRQ3morVDGLiH-qfp2yqN&_nc_ohc=9n9mtzZHS3cQ7kNvwEqOLJX&_nc_gid=ZCipW4R2hV-bwmEMW5SXNQ&edm=ANTKIIoBAAAA&ccb=7-5&ig_cache_key=MzY3NDQ1MjQ0ODI0MzY3MzM3Nw%3D%3D.3-ccb7-5&oh=00_Af-65o7s3aq84_n9BRJQal4nWjBwTr67RaDxjg27QJ9okw&oe=6A3D6462&_nc_sid=d885a2"", ""https://instagram.fraj8-1.fna.fbcdn.net/v/t51.82787-15/518317338_17927036352091497_7545615616806070170_n.jpg?stp=dst-jpg_e15_fr_p1080x1080_tt6&_nc_ht=instagram.fraj8-1.fna.fbcdn.net&_nc_cat=109&_nc_oc=Q6cZ2gGIZyqoevutS9-7FRrYhbYEB3WNQ_1CIKWMwcb8_lAhUd9PwCvq1LSJCymQ5Zm6hJ1ZRQ3morVDGLiH-qfp2yqN&_nc_ohc=_t4BBiZxCa4Q7kNvwEhmR6S&_nc_gid=ZCipW4R2hV-bwmEMW5SXNQ&edm=ANTKIIoBAAAA&ccb=7-5&ig_cache_key=MzY3NDQ1MjQ0ODI0Mzg0NDMxNA%3D%3D.3-ccb7-5&oh=00_Af_KIQavIMOTgyJLJZAmQX6DXHNPSG5L4IuDyTlWBYEN3A&oe=6A3D6217&_nc_sid=d885a2""]}"
2026-06-21T08:08:49.993407,post,https://www.instagram.com/p/C4DzB6wvthc/?igsh=cXFpZ2NoN3N2MWU2,"{""success"": true, ""images"": [""https://instagram.fraj8-1.fna.fbcdn.net/v/t51.82787-15/623900134_18084640988234102_6511742711977692480_n.webp?efg=eyJ2ZW5jb2RlX3RhZyI6ImltYWdlX3VybGdlbi43MjAuc2RyLnJlZ3VsYXJfcGhvdG8uYzIifQ&_nc_ht=instagram.fraj8-1.fna.fbcdn.net&_nc_cat=102&_nc_oc=Q6cZ2gFTt25TMzHxMPxRf93iUfrwxalqsRFayq51NcJ1AbWgQV5L-pneMhkLcm9gwYZb1rIdO783a0hTMbmfSkzWHOsQ&_nc_ohc=EXoA3gfOWfMQ7kNvwEnIJz8&_nc_gid=iRjJ3Sb44SYhbYsbf4xaEQ&edm=ANTKIIoBAAAA&ccb=7-5&oh=00_Af_e7jPZOO6wRNrgmgPomVGjk7sWRPEk-YygHZmkNSg_IQ&oe=6A3D6045&_nc_sid=d885a2""]}"
2026-06-21T08:11:09.276887,post,https://www.instagram.com/p/C4DzB6wvthc/?igsh=cXFpZ2NoN3N2MWU2,"{""success"": true, ""images"": [""https://instagram.fraj8-1.fna.fbcdn.net/v/t51.82787-15/623900134_18084640988234102_6511742711977692480_n.webp?efg=eyJ2ZW5jb2RlX3RhZyI6ImltYWdlX3VybGdlbi43MjAuc2RyLnJlZ3VsYXJfcGhvdG8uYzIifQ&_nc_ht=instagram.fraj8-1.fna.fbcdn.net&_nc_cat=102&_nc_oc=Q6cZ2gFTt25TMzHxMPxRf93iUfrwxalqsRFayq51NcJ1AbWgQV5L-pneMhkLcm9gwYZb1rIdO783a0hTMbmfSkzWHOsQ&_nc_ohc=EXoA3gfOWfMQ7kNvwEnIJz8&_nc_gid=iRjJ3Sb44SYhbYsbf4xaEQ&edm=ANTKIIoBAAAA&ccb=7-5&oh=00_Af_e7jPZOO6wRNrgmgPomVGjk7sWRPEk-YygHZmkNSg_IQ&oe=6A3D6045&_nc_sid=d885a2""]}"
2026-06-21T08:14:49.186425,post,https://www.instagram.com/p/C4DzB6wvthc/?igsh=cXFpZ2NoN3N2MWU2,"{""success"": true, ""images"": [""https://instagram.fraj8-1.fna.fbcdn.net/v/t51.82787-15/623900134_18084640988234102_6511742711977692480_n.webp?efg=eyJ2ZW5jb2RlX3RhZyI6ImltYWdlX3VybGdlbi43MjAuc2RyLnJlZ3VsYXJfcGhvdG8uYzIifQ&_nc_ht=instagram.fraj8-1.fna.fbcdn.net&_nc_cat=102&_nc_oc=Q6cZ2gFTt25TMzHxMPxRf93iUfrwxalqsRFayq51NcJ1AbWgQV5L-pneMhkLcm9gwYZb1rIdO783a0hTMbmfSkzWHOsQ&_nc_ohc=EXoA3gfOWfMQ7kNvwEnIJz8&_nc_gid=iRjJ3Sb44SYhbYsbf4xaEQ&edm=ANTKIIoBAAAA&ccb=7-5&oh=00_Af_e7jPZOO6wRNrgmgPomVGjk7sWRPEk-YygHZmkNSg_IQ&oe=6A3D6045&_nc_sid=d885a2""]}"
2026-06-21T08:15:34.231330,post,https://www.instagram.com/p/C4DzB6wvthc/?igsh=cXFpZ2NoN3N2MWU2,"{""success"": true, ""images"": [""https://instagram.fraj8-1.fna.fbcdn.net/v/t51.82787-15/623900134_18084640988234102_6511742711977692480_n.webp?efg=eyJ2ZW5jb2RlX3RhZyI6ImltYWdlX3VybGdlbi43MjAuc2RyLnJlZ3VsYXJfcGhvdG8uYzIifQ&_nc_ht=instagram.fraj8-1.fna.fbcdn.net&_nc_cat=102&_nc_oc=Q6cZ2gGfNGOZYA5i49VqsaQJoDdQr3ibi4jLUtwSMmvp_8l6MMFv8Q9Jo2Aoml2bqBrVVi8axQyTY8phT53UQb7U3g_l&_nc_ohc=EXoA3gfOWfMQ7kNvwEnIJz8&_nc_gid=NxgqH5JymNf3A0fpdphPBQ&edm=ANTKIIoBAAAA&ccb=7-5&oh=00_Af8j2BxJhFfIB9OQEFLK7ooRc5gHe4JI0tu2lwMivEd1Gg&oe=6A3D6045&_nc_sid=d885a2""]}"
2026-06-21T08:20:43.278334,post,https://www.instagram.com/p/C4DzB6wvthc/?igsh=cXFpZ2NoN3N2MWU2,"{""success"": true, ""images"": [""https://instagram.fraj8-1.fna.fbcdn.net/v/t51.82787-15/623900134_18084640988234102_6511742711977692480_n.webp?efg=eyJ2ZW5jb2RlX3RhZyI6ImltYWdlX3VybGdlbi43MjAuc2RyLnJlZ3VsYXJfcGhvdG8uYzIifQ&_nc_ht=instagram.fraj8-1.fna.fbcdn.net&_nc_cat=102&_nc_oc=Q6cZ2gGfNGOZYA5i49VqsaQJoDdQr3ibi4jLUtwSMmvp_8l6MMFv8Q9Jo2Aoml2bqBrVVi8axQyTY8phT53UQb7U3g_l&_nc_ohc=EXoA3gfOWfMQ7kNvwEnIJz8&_nc_gid=NxgqH5JymNf3A0fpdphPBQ&edm=ANTKIIoBAAAA&ccb=7-5&oh=00_Af8j2BxJhFfIB9OQEFLK7ooRc5gHe4JI0tu2lwMivEd1Gg&oe=6A3D6045&_nc_sid=d885a2""]}"
2026-06-21T08:36:00.453316,post,https://www.instagram.com/p/DL-RwxWoSVV/?igsh=NXkzaG91cHd2b3Bo,"{""success"": true, ""images"": [""https://instagram.fraj8-1.fna.fbcdn.net/v/t51.82787-15/517373626_17927036280091497_8614458627634445641_n.jpg?stp=dst-jpg_e15_fr_p1080x1080_tt6&_nc_ht=instagram.fraj8-1.fna.fbcdn.net&_nc_cat=109&_nc_oc=Q6cZ2gEGByVvyfDzCV3aA6ZA3jBV1Tj86rfuxFohgr1q5cnm0P7RuYrimBXDfstWGPY7L-K3OpY20cU40ABvcWtrpRNN&_nc_ohc=0qw4Hie__Z0Q7kNvwERo-zH&_nc_gid=6KzpvYl6msUIrDkKLZv23A&edm=ANTKIIoBAAAA&ccb=7-5&ig_cache_key=MzY3NDQ1MjQ0ODUyODkxNzQzMQ%3D%3D.3-ccb7-5&oh=00_Af-zP4scw-RLh3NuRnHWqZ6TAnQ6Nhu7pF0EQxL_sZcEAA&oe=6A3D67CA&_nc_sid=d885a2"", ""https://instagram.fraj8-1.fna.fbcdn.net/v/t51.82787-15/518040030_17927036289091497_5943998199231305918_n.jpg?stp=dst-jpg_e15_fr_p1080x1080_tt6&_nc_ht=instagram.fraj8-1.fna.fbcdn.net&_nc_cat=109&_nc_oc=Q6cZ2gEGByVvyfDzCV3aA6ZA3jBV1Tj86rfuxFohgr1q5cnm0P7RuYrimBXDfstWGPY7L-K3OpY20cU40ABvcWtrpRNN&_nc_ohc=MYwi1wapfGYQ7kNvwEd2nbH&_nc_gid=6KzpvYl6msUIrDkKLZv23A&edm=ANTKIIoBAAAA&ccb=7-5&ig_cache_key=MzY3NDQ1MjQ0ODI5NDE4NDU4MQ%3D%3D.3-ccb7-5&oh=00_Af_ua4CuWWNWPBxJI0hPih1B2vqaZhfo_6BFjhPpBzsfaw&oe=6A3D8B1B&_nc_sid=d885a2"", ""https://instagram.fraj8-1.fna.fbcdn.net/v/t51.82787-15/517894048_17927036298091497_5553499307280189290_n.jpg?stp=dst-jpg_e15_fr_p1080x1080_tt6&_nc_ht=instagram.fraj8-1.fna.fbcdn.net&_nc_cat=109&_nc_oc=Q6cZ2gEGByVvyfDzCV3aA6ZA3jBV1Tj86rfuxFohgr1q5cnm0P7RuYrimBXDfstWGPY7L-K3OpY20cU40ABvcWtrpRNN&_nc_ohc=rLsHlRsx6qoQ7kNvwE9OKj1&_nc_gid=6KzpvYl6msUIrDkKLZv23A&edm=ANTKIIoBAAAA&ccb=7-5&ig_cache_key=MzY3NDQ1MjQ0ODIyNjg5MzAzMQ%3D%3D.3-ccb7-5&oh=00_Af8EgrC3ZvOZF2WejKENh09YjIVn7QzFb2xTq2pK-xofNg&oe=6A3D8D64&_nc_sid=d885a2"", ""https://instagram.fraj8-1.fna.fbcdn.net/v/t51.82787-15/516799916_17927036307091497_4428315980411081440_n.jpg?stp=dst-jpg_e15_fr_p1080x1080_tt6&_nc_ht=instagram.fraj8-1.fna.fbcdn.net&_nc_cat=109&_nc_oc=Q6cZ2gEGByVvyfDzCV3aA6ZA3jBV1Tj86rfuxFohgr1q5cnm0P7RuYrimBXDfstWGPY7L-K3OpY20cU40ABvcWtrpRNN&_nc_ohc=wXZXRNmVDh4Q7kNvwHP44ak&_nc_gid=6KzpvYl6msUIrDkKLZv23A&edm=ANTKIIoBAAAA&ccb=7-5&ig_cache_key=MzY3NDQ1MjQ0ODI0MzgyMzQ5Mw%3D%3D.3-ccb7-5&oh=00_Af-dMeILjQBI_tQJpv_4EVKNIgZhu6oBrHC30qjoR1DF-w&oe=6A3D6E2D&_nc_sid=d885a2"", ""https://instagram.fraj8-1.fna.fbcdn.net/v/t51.82787-15/518113255_17927036316091497_6597319522533269732_n.jpg?stp=dst-jpg_e15_fr_p1080x1080_tt6&_nc_ht=instagram.fraj8-1.fna.fbcdn.net&_nc_cat=109&_nc_oc=Q6cZ2gEGByVvyfDzCV3aA6ZA3jBV1Tj86rfuxFohgr1q5cnm0P7RuYrimBXDfstWGPY7L-K3OpY20cU40ABvcWtrpRNN&_nc_ohc=jdjxzX-JEn4Q7kNvwFaaF3U&_nc_gid=6KzpvYl6msUIrDkKLZv23A&edm=ANTKIIoBAAAA&ccb=7-5&ig_cache_key=MzY3NDQ1MjQ0ODIxODY1MTkxOQ%3D%3D.3-ccb7-5&oh=00_Af8-fNUSjfviGlA_KUDN8pXg9_mhz3l3BLH-IS8Pflnl_w&oe=6A3D8DC4&_nc_sid=d885a2"", ""https://instagram.fraj8-1.fna.fbcdn.net/v/t51.82787-15/518644649_17927036325091497_2179789078678908187_n.jpg?stp=dst-jpg_e15_fr_p1080x1080_tt6&_nc_ht=instagram.fraj8-1.fna.fbcdn.net&_nc_cat=109&_nc_oc=Q6cZ2gEGByVvyfDzCV3aA6ZA3jBV1Tj86rfuxFohgr1q5cnm0P7RuYrimBXDfstWGPY7L-K3OpY20cU40ABvcWtrpRNN&_nc_ohc=kkl8VN_kdpoQ7kNvwG1aP17&_nc_gid=6KzpvYl6msUIrDkKLZv23A&edm=ANTKIIoBAAAA&ccb=7-5&ig_cache_key=MzY3NDQ1MjQ0ODIyNjk4NDMzMw%3D%3D.3-ccb7-5&oh=00_Af9oLKD-4t3I7SUZ1dn5IBL0sEV9358RSCVo_ZDbyNbn7Q&oe=6A3D59FB&_nc_sid=d885a2"", ""https://instagram.fraj8-1.fna.fbcdn.net/v/t51.82787-15/518561659_17927036334091497_7809740867418535989_n.jpg?stp=dst-jpg_e15_fr_p1080x1080_tt6&_nc_ht=instagram.fraj8-1.fna.fbcdn.net&_nc_cat=109&_nc_oc=Q6cZ2gEGByVvyfDzCV3aA6ZA3jBV1Tj86rfuxFohgr1q5cnm0P7RuYrimBXDfstWGPY7L-K3OpY20cU40ABvcWtrpRNN&_nc_ohc=Vu2Mljnmr2YQ7kNvwEB-cs4&_nc_gid=6KzpvYl6msUIrDkKLZv23A&edm=ANTKIIoBAAAA&ccb=7-5&ig_cache_key=MzY3NDQ1MjQ0ODIyNjkxMjczNA%3D%3D.3-ccb7-5&oh=00_Af9XdvDBWXz386EfFJJ81HRNEpoj8NolozdVmdPr2wLkLg&oe=6A3D6EE7&_nc_sid=d885a2"", ""https://instagram.fraj8-1.fna.fbcdn.net/v/t51.82787-15/517387922_17927036349091497_6721437203519599917_n.jpg?stp=dst-jpg_e15_fr_p1080x1080_tt6&_nc_ht=instagram.fraj8-1.fna.fbcdn.net&_nc_cat=109&_nc_oc=Q6cZ2gEGByVvyfDzCV3aA6ZA3jBV1Tj86rfuxFohgr1q5cnm0P7RuYrimBXDfstWGPY7L-K3OpY20cU40ABvcWtrpRNN&_nc_ohc=9n9mtzZHS3cQ7kNvwEqOLJX&_nc_gid=6KzpvYl6msUIrDkKLZv23A&edm=ANTKIIoBAAAA&ccb=7-5&ig_cache_key=MzY3NDQ1MjQ0ODI0MzY3MzM3Nw%3D%3D.3-ccb7-5&oh=00_Af-AOP3Z9X5H_szTLsWzN0qH1DcBMJ4J9blDlruMi1_5zw&oe=6A3D6462&_nc_sid=d885a2"", ""https://instagram.fraj8-1.fna.fbcdn.net/v/t51.82787-15/518317338_17927036352091497_7545615616806070170_n.jpg?stp=dst-jpg_e15_fr_p1080x1080_tt6&_nc_ht=instagram.fraj8-1.fna.fbcdn.net&_nc_cat=109&_nc_oc=Q6cZ2gEGByVvyfDzCV3aA6ZA3jBV1Tj86rfuxFohgr1q5cnm0P7RuYrimBXDfstWGPY7L-K3OpY20cU40ABvcWtrpRNN&_nc_ohc=_t4BBiZxCa4Q7kNvwEhmR6S&_nc_gid=6KzpvYl6msUIrDkKLZv23A&edm=ANTKIIoBAAAA&ccb=7-5&ig_cache_key=MzY3NDQ1MjQ0ODI0Mzg0NDMxNA%3D%3D.3-ccb7-5&oh=00_Af-kJqogp0yBFmJdGtjfudufJOAt0qsmCPT8_i0cK1gKug&oe=6A3D6217&_nc_sid=d885a2""]}"
2026-06-21T08:36:57.500705,reel,https://www.instagram.com/reel/DZ0Tq5Phq2k/?utm_source=ig_web_copy_link&igsh=NTc4MTIwNjQ2YQ==,"{""success"": true, ""video_url"": ""https://instagram.fraj8-1.fna.fbcdn.net/o1/v/t2/f2/m86/AQNWvrdY1NbUHAIsZA7j6415we-EiwE46lTIKtvobApAHbMRRXaABLaQgTP-N456xAfv7I4akGSFUSQL97uMX3qo0MkFO5-7hLji4WA.mp4?_nc_cat=109&_nc_oc=AdouQOChjRUhhqmJbAmd_OVdvvNyMcjNSqmYssQpDrzp46hOIolypqKDy_7N9r3Z62eWrVOaA-eaGDMziYqqyIR6&_nc_sid=5e9851&_nc_ht=instagram.fraj8-1.fna.fbcdn.net&_nc_ohc=DyG5n8MPNGYQ7kNvwErbORu&efg=eyJ2ZW5jb2RlX3RhZyI6Inhwdl9wcm9ncmVzc2l2ZS5JTlNUQUdSQU0uQ0xJUFMuQzMuNzIwLmRhc2hfYmFzZWxpbmVfMV92MSIsInhwdl9hc3NldF9pZCI6MTk3MzUzNDMxNjYzMjg2MywiYXNzZXRfYWdlX2RheXMiOjAsInZpX3VzZWNhc2VfaWQiOjEwMDk5LCJkdXJhdGlvbl9zIjoxMSwidXJsZ2VuX3NvdXJjZSI6Ind3dyJ9&ccb=17-1&vs=a42449807dd488cb&_nc_vs=HBksFQIYUmlnX3hwdl9yZWVsc19wZXJtYW5lbnRfc3JfcHJvZC84OTQyOUIzN0FENEZGRUY5MzBFNDMyNTY3RTg5NEU4N192aWRlb19kYXNoaW5pdC5tcDQVAALIARIAFQIYUWlnX3hwdl9wbGFjZW1lbnRfcGVybWFuZW50X3YyLzQ3NDdCRjdCRkM1MUVDRjE2OTZCMzU0QUYwQTkzMTlBX2F1ZGlvX2Rhc2hpbml0Lm1wNBUCAsgBEgAoABgAGwKIB3VzZV9vaWwBMRJwcm9ncmVzc2l2ZV9yZWNpcGUBMRUAACa-7Ki-6LqBBxUCKAJDMywXQCdmZmZmZmYYEmRhc2hfYmFzZWxpbmVfMV92MREAdf4HZeadAQA&_nc_gid=XKjISlpllfZA8bzTMUleMw&_nc_ss=7a22e&_nc_zt=28&oh=00_Af9jeQV4TIwU1TL_owghRJ4mGh6tBotnZKamnxQONWdE_g&oe=6A396B6A""}"
2026-06-21T09:08:00.794598,reel,https://www.instagram.com/reel/DZ1qRSqTOz3/?utm_source=ig_web_copy_link&igsh=NTc4MTIwNjQ2YQ==,"{""success"": true, ""video_url"": ""https://instagram.fraj8-1.fna.fbcdn.net/o1/v/t2/f2/m86/AQNM9xYR6ti7W29i6wl9KjBM5IEXxY2Jezo7fZVb5ir5kLO5VL1CWhkr_U1myH7CnD3HXEtm3wXN4A2XIznUwhtO4xXX3GYz3xw6ia4.mp4?_nc_cat=100&_nc_oc=Adq5wDwfScnceS073z3iFI7zu5A5-X71DusUQH9HU6G5neW2oSow-rb1IGSU-HNdcYTZwy63ah0yiNzpFDTOhzpv&_nc_sid=5e9851&_nc_ht=instagram.fraj8-1.fna.fbcdn.net&_nc_ohc=5rPzbmboKykQ7kNvwFUJOKB&efg=eyJ2ZW5jb2RlX3RhZyI6Inhwdl9wcm9ncmVzc2l2ZS5JTlNUQUdSQU0uQ0xJUFMuQzMuNzIwLmRhc2hfYmFzZWxpbmVfMV92MSIsInhwdl9hc3NldF9pZCI6OTM5MDg5ODUyNDgwMTc1LCJhc3NldF9hZ2VfZGF5cyI6MCwidmlfdXNlY2FzZV9pZCI6MTAwOTksImR1cmF0aW9uX3MiOjgsInVybGdlbl9zb3VyY2UiOiJ3d3cifQ%3D%3D&ccb=17-1&vs=765c2d247bc5f64c&_nc_vs=HBksFQIYUmlnX3hwdl9yZWVsc19wZXJtYW5lbnRfc3JfcHJvZC9BQzQwMDZCOTNERjcwRUM5MDcwODA0MzQzREJFRTdCQV92aWRlb19kYXNoaW5pdC5tcDQVAALIARIAFQIYUWlnX3hwdl9wbGFjZW1lbnRfcGVybWFuZW50X3YyLzZGNDVENDRCQ0IyMzNGNTAwRkNCMTJFNDlDQzhCRDkyX2F1ZGlvX2Rhc2hpbml0Lm1wNBUCAsgBEgAoABgAGwKIB3VzZV9vaWwBMRJwcm9ncmVzc2l2ZV9yZWNpcGUBMRUAACbe6o3RnIarAxUCKAJDMywXQB-ZmZmZmZoYEmRhc2hfYmFzZWxpbmVfMV92MREAdf4HZeadAQA&_nc_gid=OoqETDY1-qrDn3g9F9j08Q&_nc_zt=28&_nc_ss=7a22e&oh=00_Af-j97Cfh0pvVdOzd2rt4nu0wiiisOvfSuctGyREa9Pvgg&oe=6A39730D""}"
2026-06-21T14:32:13.007709,reel,https://www.instagram.com/reel/DW5zKYHgLU4/?utm_source=ig_web_copy_link&igsh=NTc4MTIwNjQ2YQ==,"{""success"": true, ""video_url"": ""https://instagram.fraj8-1.fna.fbcdn.net/o1/v/t2/f2/m86/AQOx5bbJI1zwMGACxBM5ehwvzeNHRx45AHHoF-dJsE_ty4acuObsDAqOglQwLN4uneXgiTc6-eIgUA5f5eHHjNdWWn2BQrVc4oyYYEM.mp4?_nc_cat=105&_nc_oc=Ado6w_yGTWylGXAyrZcqClmzyCOBnajiRGcZylEjfGNhVupl--cKjcMLBe2vX0S80F7JDYTw-Y9xZb-CAJOSJO_o&_nc_sid=5e9851&_nc_ht=instagram.fraj8-1.fna.fbcdn.net&_nc_ohc=U66AHhxptLcQ7kNvwFrzjlp&efg=eyJ2ZW5jb2RlX3RhZyI6Inhwdl9wcm9ncmVzc2l2ZS5JTlNUQUdSQU0uQ0xJUFMuQzMuOTYwLmRhc2hfYmFzZWxpbmVfMV92MSIsInhwdl9hc3NldF9pZCI6MTc5NTk2Njc2NzkxMDUxNzAsImFzc2V0X2FnZV9kYXlzIjo3MywidmlfdXNlY2FzZV9pZCI6MTAwOTksImR1cmF0aW9uX3MiOjgsInVybGdlbl9zb3VyY2UiOiJ3d3cifQ%3D%3D&ccb=17-1&vs=5c5e371a0fa6e84f&_nc_vs=HBksFQIYUmlnX3hwdl9yZWVsc19wZXJtYW5lbnRfc3JfcHJvZC82NDREQUVGRjRDNkY1RUI0NEM2ODEzOTFBQjEzODZCQl92aWRlb19kYXNoaW5pdC5tcDQVAALIARIAFQIYUWlnX3hwdl9wbGFjZW1lbnRfcGVybWFuZW50X3YyLzMxNEIyODA1NzMzNUQ4RURDRDk2NzQ4NkMwM0RFQkJBX2F1ZGlvX2Rhc2hpbml0Lm1wNBUCAsgBEgAoABgAGwKIB3VzZV9vaWwBMRJwcm9ncmVzc2l2ZV9yZWNpcGUBMRUAACakwuDEn47nPxUCKAJDMywXQCAAAAAAAAAYEmRhc2hfYmFzZWxpbmVfMV92MREAdf4HZeadAQA&_nc_gid=gTa2bhCNXwRdd3gNh8YzTg&_nc_ss=7a22e&_nc_zt=28&oh=00_Af-yhsE7ADHI0zCN-C8Bya0Y-g6Sd6BanatfFmjhXeJqkQ&oe=6A39EB6A""}"
2026-06-21T14:43:12.776627,post,https://www.instagram.com/p/C4DzB6wvthc/?igsh=cXFpZ2NoN3N2MWU2,"{""success"": true, ""images"": [{""preview"": ""https://instagram.fraj8-1.fna.fbcdn.net/v/t51.82787-15/623900134_18084640988234102_6511742711977692480_n.webp?efg=eyJ2ZW5jb2RlX3RhZyI6ImltYWdlX3VybGdlbi43MjAuc2RyLnJlZ3VsYXJfcGhvdG8uYzIifQ&_nc_ht=instagram.fraj8-1.fna.fbcdn.net&_nc_cat=102&_nc_oc=Q6cZ2gHBns11EviSUcE1_f5fN5uBL-PUZGsFAE-tZzqgwp4a0F_E4N1AA0HYOVRB_8nL-K60-0Dzn9_BlwyGY0HtpkIl&_nc_ohc=EXoA3gfOWfMQ7kNvwFomXmF&_nc_gid=gsALgy044fTi5xvRLICigw&edm=ANTKIIoBAAAA&ccb=7-5&oh=00_Af8KX0fNBAl5G1-YdLCrtoTV63Mvf7C3EXqDFTpzfXE00w&oe=6A3DD0C5&_nc_sid=d885a2"", ""download"": ""http://127.0.0.1:5000/api/download?url=https%3A//instagram.fraj8-1.fna.fbcdn.net/v/t51.82787-15/623900134_18084640988234102_6511742711977692480_n.webp%3Fefg%3DeyJ2ZW5jb2RlX3RhZyI6ImltYWdlX3VybGdlbi43MjAuc2RyLnJlZ3VsYXJfcGhvdG8uYzIifQ%26_nc_ht%3Dinstagram.fraj8-1.fna.fbcdn.net%26_nc_cat%3D102%26_nc_oc%3DQ6cZ2gHBns11EviSUcE1_f5fN5uBL-PUZGsFAE-tZzqgwp4a0F_E4N1AA0HYOVRB_8nL-K60-0Dzn9_BlwyGY0HtpkIl%26_nc_ohc%3DEXoA3gfOWfMQ7kNvwFomXmF%26_nc_gid%3DgsALgy044fTi5xvRLICigw%26edm%3DANTKIIoBAAAA%26ccb%3D7-5%26oh%3D00_Af8KX0fNBAl5G1-YdLCrtoTV63Mvf7C3EXqDFTpzfXE00w%26oe%3D6A3DD0C5%26_nc_sid%3Dd885a2&filename=ghostclip_post_1.jpg""}]}"
2026-06-21T14:49:07.896141,post,https://www.instagram.com/p/C4DzB6wvthc/?igsh=cXFpZ2NoN3N2MWU2,"{""success"": true, ""images"": [{""preview"": ""http://127.0.0.1:5000/api/download?url=https%3A//instagram.fraj8-1.fna.fbcdn.net/v/t51.82787-15/623900134_18084640988234102_6511742711977692480_n.webp%3Fefg%3DeyJ2ZW5jb2RlX3RhZyI6ImltYWdlX3VybGdlbi43MjAuc2RyLnJlZ3VsYXJfcGhvdG8uYzIifQ%26_nc_ht%3Dinstagram.fraj8-1.fna.fbcdn.net%26_nc_cat%3D102%26_nc_oc%3DQ6cZ2gE9t1LpfemOM-p-Tq7-cf_nCQMem363f5L_bFnK8EOjS6MCWLCBrO5Ziskb4wUC46cKDV9nO7xofRJdXCP6KzQn%26_nc_ohc%3DEXoA3gfOWfMQ7kNvwFomXmF%26_nc_gid%3Dqr8ELH17GbvvuD_OI6W-lg%26edm%3DANTKIIoBAAAA%26ccb%3D7-5%26oh%3D00_Af-4yuLizxxlpTjLACHsL4fW5Z-88nAN7JK-hxAsSew41Q%26oe%3D6A3DD0C5%26_nc_sid%3Dd885a2&inline=true"", ""download"": ""http://127.0.0.1:5000/api/download?url=https%3A//instagram.fraj8-1.fna.fbcdn.net/v/t51.82787-15/623900134_18084640988234102_6511742711977692480_n.webp%3Fefg%3DeyJ2ZW5jb2RlX3RhZyI6ImltYWdlX3VybGdlbi43MjAuc2RyLnJlZ3VsYXJfcGhvdG8uYzIifQ%26_nc_ht%3Dinstagram.fraj8-1.fna.fbcdn.net%26_nc_cat%3D102%26_nc_oc%3DQ6cZ2gE9t1LpfemOM-p-Tq7-cf_nCQMem363f5L_bFnK8EOjS6MCWLCBrO5Ziskb4wUC46cKDV9nO7xofRJdXCP6KzQn%26_nc_ohc%3DEXoA3gfOWfMQ7kNvwFomXmF%26_nc_gid%3Dqr8ELH17GbvvuD_OI6W-lg%26edm%3DANTKIIoBAAAA%26ccb%3D7-5%26oh%3D00_Af-4yuLizxxlpTjLACHsL4fW5Z-88nAN7JK-hxAsSew41Q%26oe%3D6A3DD0C5%26_nc_sid%3Dd885a2&filename=ghostclip_post_1.jpg""}]}"
2026-06-21T14:49:42.236141,post,https://www.instagram.com/p/DL-RwxWoSVV/?igsh=NXkzaG91cHd2b3Bo,"{""success"": true, ""images"": [{""preview"": ""http://127.0.0.1:5000/api/download?url=https%3A//instagram.fraj8-1.fna.fbcdn.net/v/t51.82787-15/517373626_17927036280091497_8614458627634445641_n.jpg%3Fstp%3Ddst-jpg_e15_fr_p1080x1080_tt6%26_nc_ht%3Dinstagram.fraj8-1.fna.fbcdn.net%26_nc_cat%3D109%26_nc_oc%3DQ6cZ2gEVNLvwHX8fpUacPrK4VLi-q2EFXd62YcnnmzGrBqLZAAfjs7RVO0tAdkszjVsqIQyLqeZTDfd-uSLgA_5ytiGT%26_nc_ohc%3D0qw4Hie__Z0Q7kNvwH-z_tQ%26_nc_gid%3DiQIdm5FEf2T5BrSz6jhQNQ%26edm%3DANTKIIoBAAAA%26ccb%3D7-5%26ig_cache_key%3DMzY3NDQ1MjQ0ODUyODkxNzQzMQ%253D%253D.3-ccb7-5%26oh%3D00_Af-Wcqgk92TlmRNMkc390KH7ludpmEu5ThAWbBpCs4cSAQ%26oe%3D6A3DD84A%26_nc_sid%3Dd885a2&inline=true"", ""download"": ""http://127.0.0.1:5000/api/download?url=https%3A//instagram.fraj8-1.fna.fbcdn.net/v/t51.82787-15/517373626_17927036280091497_8614458627634445641_n.jpg%3Fstp%3Ddst-jpg_e15_fr_p1080x1080_tt6%26_nc_ht%3Dinstagram.fraj8-1.fna.fbcdn.net%26_nc_cat%3D109%26_nc_oc%3DQ6cZ2gEVNLvwHX8fpUacPrK4VLi-q2EFXd62YcnnmzGrBqLZAAfjs7RVO0tAdkszjVsqIQyLqeZTDfd-uSLgA_5ytiGT%26_nc_ohc%3D0qw4Hie__Z0Q7kNvwH-z_tQ%26_nc_gid%3DiQIdm5FEf2T5BrSz6jhQNQ%26edm%3DANTKIIoBAAAA%26ccb%3D7-5%26ig_cache_key%3DMzY3NDQ1MjQ0ODUyODkxNzQzMQ%253D%253D.3-ccb7-5%26oh%3D00_Af-Wcqgk92TlmRNMkc390KH7ludpmEu5ThAWbBpCs4cSAQ%26oe%3D6A3DD84A%26_nc_sid%3Dd885a2&filename=ghostclip_post_1.jpg""}, {""preview"": ""http://127.0.0.1:5000/api/download?url=https%3A//instagram.fraj8-1.fna.fbcdn.net/v/t51.82787-15/518040030_17927036289091497_5943998199231305918_n.jpg%3Fstp%3Ddst-jpg_e15_fr_p1080x1080_tt6%26_nc_ht%3Dinstagram.fraj8-1.fna.fbcdn.net%26_nc_cat%3D109%26_nc_oc%3DQ6cZ2gEVNLvwHX8fpUacPrK4VLi-q2EFXd62YcnnmzGrBqLZAAfjs7RVO0tAdkszjVsqIQyLqeZTDfd-uSLgA_5ytiGT%26_nc_ohc%3D13hOcYD8CxMQ7kNvwHwVl4c%26_nc_gid%3DiQIdm5FEf2T5BrSz6jhQNQ%26edm%3DANTKIIoBAAAA%26ccb%3D7-5%26ig_cache_key%3DMzY3NDQ1MjQ0ODI5NDE4NDU4MQ%253D%253D.3-ccb7-5%26oh%3D00_Af_Bj49LNVnGJiqzBgRgRDXPpKxaqgzOkiwMqlsnMm8DMA%26oe%3D6A3DC35B%26_nc_sid%3Dd885a2&inline=true"", ""download"": ""http://127.0.0.1:5000/api/download?url=https%3A//instagram.fraj8-1.fna.fbcdn.net/v/t51.82787-15/518040030_17927036289091497_5943998199231305918_n.jpg%3Fstp%3Ddst-jpg_e15_fr_p1080x1080_tt6%26_nc_ht%3Dinstagram.fraj8-1.fna.fbcdn.net%26_nc_cat%3D109%26_nc_oc%3DQ6cZ2gEVNLvwHX8fpUacPrK4VLi-q2EFXd62YcnnmzGrBqLZAAfjs7RVO0tAdkszjVsqIQyLqeZTDfd-uSLgA_5ytiGT%26_nc_ohc%3D13hOcYD8CxMQ7kNvwHwVl4c%26_nc_gid%3DiQIdm5FEf2T5BrSz6jhQNQ%26edm%3DANTKIIoBAAAA%26ccb%3D7-5%26ig_cache_key%3DMzY3NDQ1MjQ0ODI5NDE4NDU4MQ%253D%253D.3-ccb7-5%26oh%3D00_Af_Bj49LNVnGJiqzBgRgRDXPpKxaqgzOkiwMqlsnMm8DMA%26oe%3D6A3DC35B%26_nc_sid%3Dd885a2&filename=ghostclip_post_2.jpg""}, {""preview"": ""http://127.0.0.1:5000/api/download?url=https%3A//instagram.fraj8-1.fna.fbcdn.net/v/t51.82787-15/517894048_17927036298091497_5553499307280189290_n.jpg%3Fstp%3Ddst-jpg_e15_fr_p1080x1080_tt6%26_nc_ht%3Dinstagram.fraj8-1.fna.fbcdn.net%26_nc_cat%3D109%26_nc_oc%3DQ6cZ2gEVNLvwHX8fpUacPrK4VLi-q2EFXd62YcnnmzGrBqLZAAfjs7RVO0tAdkszjVsqIQyLqeZTDfd-uSLgA_5ytiGT%26_nc_ohc%3DrLsHlRsx6qoQ7kNvwHvhd_r%26_nc_gid%3DiQIdm5FEf2T5BrSz6jhQNQ%26edm%3DANTKIIoBAAAA%26ccb%3D7-5%26ig_cache_key%3DMzY3NDQ1MjQ0ODIyNjg5MzAzMQ%253D%253D.3-ccb7-5%26oh%3D00_Af96qb5Z4KD1z_qagMog-PiPgypPhJWKf5bp3JK_YL5qCQ%26oe%3D6A3DC5A4%26_nc_sid%3Dd885a2&inline=true"", ""download"": ""http://127.0.0.1:5000/api/download?url=https%3A//instagram.fraj8-1.fna.fbcdn.net/v/t51.82787-15/517894048_17927036298091497_5553499307280189290_n.jpg%3Fstp%3Ddst-jpg_e15_fr_p1080x1080_tt6%26_nc_ht%3Dinstagram.fraj8-1.fna.fbcdn.net%26_nc_cat%3D109%26_nc_oc%3DQ6cZ2gEVNLvwHX8fpUacPrK4VLi-q2EFXd62YcnnmzGrBqLZAAfjs7RVO0tAdkszjVsqIQyLqeZTDfd-uSLgA_5ytiGT%26_nc_ohc%3DrLsHlRsx6qoQ7kNvwHvhd_r%26_nc_gid%3DiQIdm5FEf2T5BrSz6jhQNQ%26edm%3DANTKIIoBAAAA%26ccb%3D7-5%26ig_cache_key%3DMzY3NDQ1MjQ0ODIyNjg5MzAzMQ%253D%253D.3-ccb7-5%26oh%3D00_Af96qb5Z4KD1z_qagMog-PiPgypPhJWKf5bp3JK_YL5qCQ%26oe%3D6A3DC5A4%26_nc_sid%3Dd885a2&filename=ghostclip_post_3.jpg""}, {""preview"": ""http://127.0.0.1:5000/api/download?url=https%3A//instagram.fraj8-1.fna.fbcdn.net/v/t51.82787-15/516799916_17927036307091497_4428315980411081440_n.jpg%3Fstp%3Ddst-jpg_e15_fr_p1080x1080_tt6%26_nc_ht%3Dinstagram.fraj8-1.fna.fbcdn.net%26_nc_cat%3D109%26_nc_oc%3DQ6cZ2gEVNLvwHX8fpUacPrK4VLi-q2EFXd62YcnnmzGrBqLZAAfjs7RVO0tAdkszjVsqIQyLqeZTDfd-uSLgA_5ytiGT%26_nc_ohc%3DwXZXRNmVDh4Q7kNvwEaYdU1%26_nc_gid%3DiQIdm5FEf2T5BrSz6jhQNQ%26edm%3DANTKIIoBAAAA%26ccb%3D7-5%26ig_cache_key%3DMzY3NDQ1MjQ0ODI0MzgyMzQ5Mw%253D%253D.3-ccb7-5%26oh%3D00_Af_yRni_Nq8j9aIXHWy41yWwrsvq8dLMSTHL0bmzw7tRRA%26oe%3D6A3DDEAD%26_nc_sid%3Dd885a2&inline=true"", ""download"": ""http://127.0.0.1:5000/api/download?url=https%3A//instagram.fraj8-1.fna.fbcdn.net/v/t51.82787-15/516799916_17927036307091497_4428315980411081440_n.jpg%3Fstp%3Ddst-jpg_e15_fr_p1080x1080_tt6%26_nc_ht%3Dinstagram.fraj8-1.fna.fbcdn.net%26_nc_cat%3D109%26_nc_oc%3DQ6cZ2gEVNLvwHX8fpUacPrK4VLi-q2EFXd62YcnnmzGrBqLZAAfjs7RVO0tAdkszjVsqIQyLqeZTDfd-uSLgA_5ytiGT%26_nc_ohc%3DwXZXRNmVDh4Q7kNvwEaYdU1%26_nc_gid%3DiQIdm5FEf2T5BrSz6jhQNQ%26edm%3DANTKIIoBAAAA%26ccb%3D7-5%26ig_cache_key%3DMzY3NDQ1MjQ0ODI0MzgyMzQ5Mw%253D%253D.3-ccb7-5%26oh%3D00_Af_yRni_Nq8j9aIXHWy41yWwrsvq8dLMSTHL0bmzw7tRRA%26oe%3D6A3DDEAD%26_nc_sid%3Dd885a2&filename=ghostclip_post_4.jpg""}, {""preview"": ""http://127.0.0.1:5000/api/download?url=https%3A//instagram.fraj8-1.fna.fbcdn.net/v/t51.82787-15/518113255_17927036316091497_6597319522533269732_n.jpg%3Fstp%3Ddst-jpg_e15_fr_p1080x1080_tt6%26_nc_ht%3Dinstagram.fraj8-1.fna.fbcdn.net%26_nc_cat%3D109%26_nc_oc%3DQ6cZ2gEVNLvwHX8fpUacPrK4VLi-q2EFXd62YcnnmzGrBqLZAAfjs7RVO0tAdkszjVsqIQyLqeZTDfd-uSLgA_5ytiGT%26_nc_ohc%3DjdjxzX-JEn4Q7kNvwFsj9C6%26_nc_gid%3DiQIdm5FEf2T5BrSz6jhQNQ%26edm%3DANTKIIoBAAAA%26ccb%3D7-5%26ig_cache_key%3DMzY3NDQ1MjQ0ODIxODY1MTkxOQ%253D%253D.3-ccb7-5%26oh%3D00_Af9OHJAjZP1v1Yf5X7P33q9VaDrWDhcoBlO8b3ydpCVWlg%26oe%3D6A3DC604%26_nc_sid%3Dd885a2&inline=true"", ""download"": ""http://127.0.0.1:5000/api/download?url=https%3A//instagram.fraj8-1.fna.fbcdn.net/v/t51.82787-15/518113255_17927036316091497_6597319522533269732_n.jpg%3Fstp%3Ddst-jpg_e15_fr_p1080x1080_tt6%26_nc_ht%3Dinstagram.fraj8-1.fna.fbcdn.net%26_nc_cat%3D109%26_nc_oc%3DQ6cZ2gEVNLvwHX8fpUacPrK4VLi-q2EFXd62YcnnmzGrBqLZAAfjs7RVO0tAdkszjVsqIQyLqeZTDfd-uSLgA_5ytiGT%26_nc_ohc%3DjdjxzX-JEn4Q7kNvwFsj9C6%26_nc_gid%3DiQIdm5FEf2T5BrSz6jhQNQ%26edm%3DANTKIIoBAAAA%26ccb%3D7-5%26ig_cache_key%3DMzY3NDQ1MjQ0ODIxODY1MTkxOQ%253D%253D.3-ccb7-5%26oh%3D00_Af9OHJAjZP1v1Yf5X7P33q9VaDrWDhcoBlO8b3ydpCVWlg%26oe%3D6A3DC604%26_nc_sid%3Dd885a2&filename=ghostclip_post_5.jpg""}, {""preview"": ""http://127.0.0.1:5000/api/download?url=https%3A//instagram.fraj8-1.fna.fbcdn.net/v/t51.82787-15/518644649_17927036325091497_2179789078678908187_n.jpg%3Fstp%3Ddst-jpg_e15_fr_p1080x1080_tt6%26_nc_ht%3Dinstagram.fraj8-1.fna.fbcdn.net%26_nc_cat%3D109%26_nc_oc%3DQ6cZ2gEVNLvwHX8fpUacPrK4VLi-q2EFXd62YcnnmzGrBqLZAAfjs7RVO0tAdkszjVsqIQyLqeZTDfd-uSLgA_5ytiGT%26_nc_ohc%3Dkkl8VN_kdpoQ7kNvwFF0D4H%26_nc_gid%3DiQIdm5FEf2T5BrSz6jhQNQ%26edm%3DANTKIIoBAAAA%26ccb%3D7-5%26ig_cache_key%3DMzY3NDQ1MjQ0ODIyNjk4NDMzMw%253D%253D.3-ccb7-5%26oh%3D00_Af8Eycf04H-p1NorgCm5IWyJ8GOlftqle5cAOVeiGGor3A%26oe%3D6A3DCA7B%26_nc_sid%3Dd885a2&inline=true"", ""download"": ""http://127.0.0.1:5000/api/download?url=https%3A//instagram.fraj8-1.fna.fbcdn.net/v/t51.82787-15/518644649_17927036325091497_2179789078678908187_n.jpg%3Fstp%3Ddst-jpg_e15_fr_p1080x1080_tt6%26_nc_ht%3Dinstagram.fraj8-1.fna.fbcdn.net%26_nc_cat%3D109%26_nc_oc%3DQ6cZ2gEVNLvwHX8fpUacPrK4VLi-q2EFXd62YcnnmzGrBqLZAAfjs7RVO0tAdkszjVsqIQyLqeZTDfd-uSLgA_5ytiGT%26_nc_ohc%3Dkkl8VN_kdpoQ7kNvwFF0D4H%26_nc_gid%3DiQIdm5FEf2T5BrSz6jhQNQ%26edm%3DANTKIIoBAAAA%26ccb%3D7-5%26ig_cache_key%3DMzY3NDQ1MjQ0ODIyNjk4NDMzMw%253D%253D.3-ccb7-5%26oh%3D00_Af8Eycf04H-p1NorgCm5IWyJ8GOlftqle5cAOVeiGGor3A%26oe%3D6A3DCA7B%26_nc_sid%3Dd885a2&filename=ghostclip_post_6.jpg""}, {""preview"": ""http://127.0.0.1:5000/api/download?url=https%3A//instagram.fraj8-1.fna.fbcdn.net/v/t51.82787-15/518561659_17927036334091497_7809740867418535989_n.jpg%3Fstp%3Ddst-jpg_e15_fr_p1080x1080_tt6%26_nc_ht%3Dinstagram.fraj8-1.fna.fbcdn.net%26_nc_cat%3D109%26_nc_oc%3DQ6cZ2gEVNLvwHX8fpUacPrK4VLi-q2EFXd62YcnnmzGrBqLZAAfjs7RVO0tAdkszjVsqIQyLqeZTDfd-uSLgA_5ytiGT%26_nc_ohc%3DVu2Mljnmr2YQ7kNvwG1yJbJ%26_nc_gid%3DiQIdm5FEf2T5BrSz6jhQNQ%26edm%3DANTKIIoBAAAA%26ccb%3D7-5%26ig_cache_key%3DMzY3NDQ1MjQ0ODIyNjkxMjczNA%253D%253D.3-ccb7-5%26oh%3D00_Af_WNr_W8wc8qr2o0TaCb1FKpfRM2egUwKJ93wRpvhR9tQ%26oe%3D6A3DDF67%26_nc_sid%3Dd885a2&inline=true"", ""download"": ""http://127.0.0.1:5000/api/download?url=https%3A//instagram.fraj8-1.fna.fbcdn.net/v/t51.82787-15/518561659_17927036334091497_7809740867418535989_n.jpg%3Fstp%3Ddst-jpg_e15_fr_p1080x1080_tt6%26_nc_ht%3Dinstagram.fraj8-1.fna.fbcdn.net%26_nc_cat%3D109%26_nc_oc%3DQ6cZ2gEVNLvwHX8fpUacPrK4VLi-q2EFXd62YcnnmzGrBqLZAAfjs7RVO0tAdkszjVsqIQyLqeZTDfd-uSLgA_5ytiGT%26_nc_ohc%3DVu2Mljnmr2YQ7kNvwG1yJbJ%26_nc_gid%3DiQIdm5FEf2T5BrSz6jhQNQ%26edm%3DANTKIIoBAAAA%26ccb%3D7-5%26ig_cache_key%3DMzY3NDQ1MjQ0ODIyNjkxMjczNA%253D%253D.3-ccb7-5%26oh%3D00_Af_WNr_W8wc8qr2o0TaCb1FKpfRM2egUwKJ93wRpvhR9tQ%26oe%3D6A3DDF67%26_nc_sid%3Dd885a2&filename=ghostclip_post_7.jpg""}, {""preview"": ""http://127.0.0.1:5000/api/download?url=https%3A//instagram.fraj8-1.fna.fbcdn.net/v/t51.82787-15/517387922_17927036349091497_6721437203519599917_n.jpg%3Fstp%3Ddst-jpg_e15_fr_p1080x1080_tt6%26_nc_ht%3Dinstagram.fraj8-1.fna.fbcdn.net%26_nc_cat%3D109%26_nc_oc%3DQ6cZ2gEVNLvwHX8fpUacPrK4VLi-q2EFXd62YcnnmzGrBqLZAAfjs7RVO0tAdkszjVsqIQyLqeZTDfd-uSLgA_5ytiGT%26_nc_ohc%3D9n9mtzZHS3cQ7kNvwHTGbP6%26_nc_gid%3DiQIdm5FEf2T5BrSz6jhQNQ%26edm%3DANTKIIoBAAAA%26ccb%3D7-5%26ig_cache_key%3DMzY3NDQ1MjQ0ODI0MzY3MzM3Nw%253D%253D.3-ccb7-5%26oh%3D00_Af8arcuX9jRKKuJOPM6_s3hxWXnA9AjRJDTlgLL7gRqV1A%26oe%3D6A3DD4E2%26_nc_sid%3Dd885a2&inline=true"", ""download"": ""http://127.0.0.1:5000/api/download?url=https%3A//instagram.fraj8-1.fna.fbcdn.net/v/t51.82787-15/517387922_17927036349091497_6721437203519599917_n.jpg%3Fstp%3Ddst-jpg_e15_fr_p1080x1080_tt6%26_nc_ht%3Dinstagram.fraj8-1.fna.fbcdn.net%26_nc_cat%3D109%26_nc_oc%3DQ6cZ2gEVNLvwHX8fpUacPrK4VLi-q2EFXd62YcnnmzGrBqLZAAfjs7RVO0tAdkszjVsqIQyLqeZTDfd-uSLgA_5ytiGT%26_nc_ohc%3D9n9mtzZHS3cQ7kNvwHTGbP6%26_nc_gid%3DiQIdm5FEf2T5BrSz6jhQNQ%26edm%3DANTKIIoBAAAA%26ccb%3D7-5%26ig_cache_key%3DMzY3NDQ1MjQ0ODI0MzY3MzM3Nw%253D%253D.3-ccb7-5%26oh%3D00_Af8arcuX9jRKKuJOPM6_s3hxWXnA9AjRJDTlgLL7gRqV1A%26oe%3D6A3DD4E2%26_nc_sid%3Dd885a2&filename=ghostclip_post_8.jpg""}, {""preview"": ""http://127.0.0.1:5000/api/download?url=https%3A//instagram.fraj8-1.fna.fbcdn.net/v/t51.82787-15/518317338_17927036352091497_7545615616806070170_n.jpg%3Fstp%3Ddst-jpg_e15_fr_p1080x1080_tt6%26_nc_ht%3Dinstagram.fraj8-1.fna.fbcdn.net%26_nc_cat%3D109%26_nc_oc%3DQ6cZ2gEVNLvwHX8fpUacPrK4VLi-q2EFXd62YcnnmzGrBqLZAAfjs7RVO0tAdkszjVsqIQyLqeZTDfd-uSLgA_5ytiGT%26_nc_ohc%3D_t4BBiZxCa4Q7kNvwHdzhf8%26_nc_gid%3DiQIdm5FEf2T5BrSz6jhQNQ%26edm%3DANTKIIoBAAAA%26ccb%3D7-5%26ig_cache_key%3DMzY3NDQ1MjQ0ODI0Mzg0NDMxNA%253D%253D.3-ccb7-5%26oh%3D00_Af8KWs8WIvd6J1aMLCty-RljJWFLoXfxqUmDAEf4fha2Kw%26oe%3D6A3DD297%26_nc_sid%3Dd885a2&inline=true"", ""download"": ""http://127.0.0.1:5000/api/download?url=https%3A//instagram.fraj8-1.fna.fbcdn.net/v/t51.82787-15/518317338_17927036352091497_7545615616806070170_n.jpg%3Fstp%3Ddst-jpg_e15_fr_p1080x1080_tt6%26_nc_ht%3Dinstagram.fraj8-1.fna.fbcdn.net%26_nc_cat%3D109%26_nc_oc%3DQ6cZ2gEVNLvwHX8fpUacPrK4VLi-q2EFXd62YcnnmzGrBqLZAAfjs7RVO0tAdkszjVsqIQyLqeZTDfd-uSLgA_5ytiGT%26_nc_ohc%3D_t4BBiZxCa4Q7kNvwHdzhf8%26_nc_gid%3DiQIdm5FEf2T5BrSz6jhQNQ%26edm%3DANTKIIoBAAAA%26ccb%3D7-5%26ig_cache_key%3DMzY3NDQ1MjQ0ODI0Mzg0NDMxNA%253D%253D.3-ccb7-5%26oh%3D00_Af8KWs8WIvd6J1aMLCty-RljJWFLoXfxqUmDAEf4fha2Kw%26oe%3D6A3DD297%26_nc_sid%3Dd885a2&filename=ghostclip_post_9.jpg""}]}"
2026-06-21T14:58:30.071646,reel,https://www.instagram.com/reel/DZz_iO0MZdS/?utm_source=ig_web_copy_link&igsh=NTc4MTIwNjQ2YQ==,"{""success"": true, ""video_url"": ""https://instagram.fraj8-1.fna.fbcdn.net/o1/v/t2/f2/m86/AQNdTxSAOlhw7N9BzEOuYOQNsYurLyrwgr_oCRsZEikNp63sF3UqjUR3-_p0HWgIIPPifjqf_8825izMOZYGp4QqqhseBsXCBhaU8Qk.mp4?_nc_cat=106&_nc_oc=AdrDpARepQQVATrCxOUYXcxwQwreEvTyxd_ZWc8Rfzkj4bHzuzgNfqTMiGmtMZN2aBmtZAubCLpH3XCMjeHyHUjF&_nc_sid=5e9851&_nc_ht=instagram.fraj8-1.fna.fbcdn.net&_nc_ohc=owWr2Y_05ngQ7kNvwFW_Pu3&efg=eyJ2ZW5jb2RlX3RhZyI6Inhwdl9wcm9ncmVzc2l2ZS5JTlNUQUdSQU0uQ0xJUFMuQzMuNzIwLmRhc2hfYmFzZWxpbmVfMV92MSIsInhwdl9hc3NldF9pZCI6MTA0NTA2OTQxNDg1NzI4OCwiYXNzZXRfYWdlX2RheXMiOjAsInZpX3VzZWNhc2VfaWQiOjEwMDk5LCJkdXJhdGlvbl9zIjo5LCJ1cmxnZW5fc291cmNlIjoid3d3In0%3D&ccb=17-1&vs=4457d08d9bed194d&_nc_vs=HBksFQIYUmlnX3hwdl9yZWVsc19wZXJtYW5lbnRfc3JfcHJvZC85NjRBQzY0QzREMTZFMkUyOTg2NzFFNjQzRTVFQTZBNF92aWRlb19kYXNoaW5pdC5tcDQVAALIARIAFQIYUWlnX3hwdl9wbGFjZW1lbnRfcGVybWFuZW50X3YyL0ZGNEQyOEI4RTdDQjNFRDA3QTkxNTY0NUMyQTNCRUFDX2F1ZGlvX2Rhc2hpbml0Lm1wNBUCAsgBEgAoABgAGwKIB3VzZV9vaWwBMRJwcm9ncmVzc2l2ZV9yZWNpcGUBMRUAACaQ6efzhZ_bAxUCKAJDMywXQCMzMzMzMzMYEmRhc2hfYmFzZWxpbmVfMV92MREAdf4HZeadAQA&_nc_gid=t8pTz9aHVDBIyx_n6M--zQ&_nc_ss=7a22e&_nc_zt=28&oh=00_Af-pnlNNtCthUaJNZk9GlKCtfstkVLTCz6gLNU3_ZwE0Zg&oe=6A39E0B7""}"
